"unique_targets","cancellation_strength","noise_sd","missing_fraction","sign_error","replicate_id","auroc","auprc","counter_spearman","pair_separation","minimum_regulator_uniqueness","rank_fraction","effective_rank_fraction","median_counter_target_separation","target_coverage","counter_target_coverage","error"
1,0.05,0.05,0,0,1,1,1,0.773329952663334,0.024390243902439,0.0481856038072576,1,0.730779780628857,0.024390243902439,0.61,1,NA
2,0.05,0.05,0,0,1,1,1,0.772109996149413,0.0476190476190476,0.0929705215419501,1,0.748027435488188,0.0476190476190476,0.62,1,NA
8,0.05,0.05,0,0,1,1,1,0.765641493488776,0.166666666666666,0.305555555555556,1,0.816151239430979,0.166666666666666,0.68,1,NA
30,0.05,0.05,0,0,1,1,1,0.75,0.428571428571429,0.673469387755102,1,0.916875421185127,0.428571428571429,0.9,1,NA
1,0.15,0.05,0,0,1,0.803921568627451,0.313063759990859,0.470063304560066,0.024390243902439,0.0481856038072576,1,0.730779780628857,0.024390243902439,0.61,1,NA
2,0.15,0.05,0,0,1,1,1,0.772109996149413,0.0476190476190476,0.0929705215419501,1,0.748027435488188,0.0476190476190476,0.62,1,NA
8,0.15,0.05,0,0,1,1,1,0.765641493488776,0.166666666666666,0.305555555555556,1,0.816151239430979,0.166666666666666,0.68,1,NA
30,0.15,0.05,0,0,1,1,1,0.75,0.428571428571429,0.673469387755102,1,0.916875421185127,0.428571428571429,0.9,1,NA
1,0.5,0.05,0,0,1,1,1,0.773329952663334,0.024390243902439,0.0481856038072576,1,0.730779780628857,0.024390243902439,0.61,1,NA
2,0.5,0.05,0,0,1,1,1,1,0.0476190476190476,0.0929705215419501,1,0.748027435488188,0.0476190476190476,0.62,1,NA
8,0.5,0.05,0,0,1,1,1,0.765641493488776,0.166666666666666,0.305555555555556,1,0.816151239430979,0.166666666666666,0.68,1,NA
30,0.5,0.05,0,0,1,1,1,0.75,0.428571428571429,0.673469387755102,1,0.916875421185127,0.428571428571429,0.9,1,NA
1,0.05,0.25,0,0,1,0.5,1,NA,0.024390243902439,0.0481856038072576,1,0.730779780628857,NA,0.61,1,NA
2,0.05,0.25,0,0,1,1,1,0.772109996149413,0.0476190476190476,0.0929705215419501,1,0.748027435488188,0.0476190476190476,0.62,1,NA
8,0.05,0.25,0,0,1,1,1,1,0.166666666666666,0.305555555555556,1,0.816151239430979,0.166666666666666,0.68,1,NA
30,0.05,0.25,0,0,1,0.875,0.313063759990859,0.5625,0.428571428571429,0.673469387755102,1,0.916875421185127,0.428571428571429,0.9,1,NA
1,0.15,0.25,0,0,1,1,1,0.773329952663334,0.024390243902439,0.0481856038072576,1,0.730779780628857,0.024390243902439,0.61,1,NA
2,0.15,0.25,0,0,1,1,1,1,0.0476190476190476,0.0929705215419501,1,0.748027435488188,0.0476190476190476,0.62,1,NA
8,0.15,0.25,0,0,1,1,1,0.765641493488776,0.166666666666666,0.305555555555556,1,0.816151239430979,0.166666666666666,0.68,1,NA
30,0.15,0.25,0,0,1,1,1,0.75,0.428571428571429,0.673469387755102,1,0.916875421185127,0.428571428571429,0.9,1,NA
1,0.5,0.25,0,0,1,1,1,1,0.024390243902439,0.0481856038072576,1,0.730779780628857,0.024390243902439,0.61,1,NA
2,0.5,0.25,0,0,1,1,1,1,0.0476190476190476,0.0929705215419501,1,0.748027435488188,0.0476190476190476,0.62,1,NA
8,0.5,0.25,0,0,1,1,1,0.765641493488776,0.166666666666666,0.305555555555556,1,0.816151239430979,0.166666666666666,0.68,1,NA
30,0.5,0.25,0,0,1,1,1,0.75,0.428571428571429,0.673469387755102,1,0.916875421185127,0.428571428571429,0.9,1,NA
1,0.05,0.05,0.3,0,1,0.79020979020979,0.32134510517326,0.45483236681977,0.0157490157485236,0.03125,1,0.723777892796397,0.0157490157485236,0.435,0.775,NA
2,0.05,0.05,0.3,0,1,0.5,1,NA,0.0339082169207039,0.0666666666666667,1,0.74252656167654,NA,0.4275,0.7,NA
8,0.05,0.05,0.3,0,1,0.83030303030303,0.322359278860428,0.509390622640892,0.171090171811207,0.312908496732026,1,0.816593456669052,0.171090171811207,0.485,0.725,NA
30,0.05,0.05,0.3,0,1,1,1,0.760864334324072,0.441894739783362,0.688518518518519,1,0.92685044413442,0.441894739783362,0.64,0.725,NA
1,0.15,0.05,0.3,0,1,1,1,0.771601466502067,0.0333333333333331,0.0655555555555555,1,0.730828598208017,0.0333333333333331,0.43,0.725,NA
2,0.15,0.05,0.3,0,1,1,1,0.73417102380752,0.0769230769230769,0.14792899408284,1,0.745267597324351,0.0769230769230769,0.4275,0.6,NA
8,0.15,0.05,0.3,0,1,1,1,0.767441216765874,0.159539361014193,0.293625914315569,1,0.810853152562495,0.159539361014193,0.465,0.65,NA
30,0.15,0.05,0.3,0,1,1,1,0.765760286000738,0.46,0.7084,1,0.924283644954016,0.46,0.6175,0.675,NA
1,0.5,0.05,0.3,0,1,1,1,1,0.0162612463240704,0.032258064516129,1,0.731708305082575,0.0162612463240704,0.405,0.75,NA
2,0.5,0.05,0.3,0,1,1,1,1,0.0664361286037872,0.128458498023715,1,0.749054920777089,0.0664361286037872,0.41,0.525,NA
8,0.5,0.05,0.3,0,1,1,1,0.745192698381966,0.199905308634337,0.359848484848485,1,0.811955852313472,0.199905308634337,0.4875,0.65,NA
30,0.5,0.05,0.3,0,1,1,1,0.771779304437699,0.416159640640191,0.659130434782609,1,0.920438552194124,0.416159640640191,0.625,0.7,NA
1,0.05,0.25,0.3,0,1,0.394366197183099,0.274445921470152,-0.193086816332082,0.0399999999999998,0.0784,1,0.739765098637071,NA,0.415,0.6,NA
2,0.05,0.25,0.3,0,1,0.5,1,NA,0.0460409449101712,0.0899621212121212,1,0.75245405403443,NA,0.4425,0.775,NA
8,0.05,0.25,0.3,0,1,0.834319526627219,0.294690263389491,0.496444415119454,0.166203317543662,0.304783092324805,1,0.8211998078547,0.166203317543662,0.485,0.625,NA
30,0.05,0.25,0.3,0,1,0.5,1,NA,0.397347761696202,0.636810279667423,1,0.914534944211179,NA,0.6375,0.775,NA
1,0.15,0.25,0.3,0,1,1,1,1,0.0162612463240704,0.032258064516129,1,0.730426545248811,0.0162612463240704,0.42,0.75,NA
2,0.15,0.25,0.3,0,1,1,1,0.705796649123255,0.0664361286037872,0.128458498023715,1,0.759291671105479,0.0664361286037872,0.4325,0.525,NA
8,0.15,0.25,0.3,0,1,1,1,0.819751957397391,0.160429842847849,0.295121951219512,1,0.812416466278099,0.160429842847849,0.47,0.85,NA
30,0.15,0.25,0.3,0,1,1,1,1,0.453848459007654,0.701718494271686,1,0.924312916886177,0.453848459007654,0.63,0.675,NA
1,0.5,0.25,0.3,0,1,1,1,1,0.0370370370370369,0.0727023319615912,1,0.73998521754145,0.0370370370370369,0.425,0.65,NA
2,0.5,0.25,0.3,0,1,1,1,0.782246980119229,0.03077663080488,0.0606060606060606,1,0.741837745106162,0.03077663080488,0.4425,0.775,NA
8,0.5,0.25,0.3,0,1,1,1,1,0.169132435889504,0.309659090909091,1,0.817829788564577,0.169132435889504,0.4675,0.675,NA
30,0.5,0.25,0.3,0,1,1,1,0.715550146399267,0.516454319509756,0.766183574879227,1,0.935380599687936,0.516454319509756,0.62,0.55,NA
1,0.05,0.05,0,0.05,1,0.470588235294118,0.427626562281838,-0.058738626510533,0.219512195121951,0.390838786436645,1,0.840657426839683,0.219512195121951,0.61,1,NA
2,0.05,0.05,0,0.05,1,0.985216346153846,0.987820512820513,0.758271563217813,0.0952380952380951,0.18140589569161,1,0.79105885382326,0.0952380952380951,0.62,1,NA
8,0.05,0.05,0,0.05,1,0.974461206896552,0.994381313131313,0.919795663819277,0.25,0.4375,1,0.876571802270342,0.25,0.68,1,NA
30,0.05,0.05,0,0.05,1,0.9359375,0.978240289107542,0.843846046736958,0.571428571428571,0.816326530612245,1,0.962024258331095,0.571428571428571,0.9,1,NA
1,0.15,0.05,0,0.05,1,1,1,0.989759875455115,0.024390243902439,0.0481856038072576,1,0.747609625219543,0.024390243902439,0.61,1,NA
2,0.15,0.05,0,0.05,1,0.948617788461538,0.811250103454863,0.896271782858334,0.19047619047619,0.344671201814059,1,0.82751545957525,0.19047619047619,0.62,1,NA
8,0.15,0.05,0,0.05,1,0.956842672413793,0.964522707639146,0.724904418343851,0.291666666666667,0.498263888888889,1,0.885081139150797,0.291666666666667,0.68,1,NA
30,0.15,0.05,0,0.05,1,0.972421875,0.977240296803653,0.741797291537025,0.485714285714286,0.735510204081633,1,0.948983265034363,0.485714285714286,0.9,1,NA
1,0.5,0.05,0,0.05,1,0.974632352941176,0.996470099667774,0.93884363573887,0.121951219512195,0.229030339083879,1,0.805540357994557,0.121951219512195,0.61,1,NA
2,0.5,0.05,0,0.05,1,0.949038461538461,0.990581714560728,0.896826022166812,0.238095238095238,0.419501133786848,1,0.848689381848603,0.238095238095238,0.62,1,NA
8,0.5,0.05,0,0.05,1,0.971228448275862,0.976509009009009,0.744177277301129,0.25,0.4375,1,0.876571802270342,0.25,0.68,1,NA
30,0.5,0.05,0,0.05,1,0.958515625,0.96506412234152,0.719948009270463,0.514285714285714,0.764081632653061,1,0.949950194939886,0.514285714285714,0.9,1,NA
1,0.05,0.25,0,0.05,1,0.955514705882353,0.96298285048285,0.718824673809823,0.170731707317073,0.312314098750744,1,0.805540357994557,0.170731707317073,0.61,1,NA
2,0.05,0.25,0,0.05,1,0.775240384615385,0.334041104354275,0.441613914412983,0.285714285714286,0.489795918367347,1,0.858311040477453,0.285714285714286,0.62,1,NA
8,0.05,0.25,0,0.05,1,0.924030172413793,0.988869070241488,0.875426553854811,0.416666666666667,0.659722222222222,1,0.891557515389528,0.416666666666667,0.68,1,NA
30,0.05,0.25,0,0.05,1,0.5195703125,0.328529259128906,0.0375118980430415,0.628571428571429,0.862040816326531,1,0.95271443616194,0.628571428571429,0.9,1,NA
1,0.15,0.25,0,0.05,1,0.533823529411765,0.704996913102084,0.126297516911665,0.219512195121951,0.390838786436645,1,0.860051066397819,0.219512195121951,0.61,1,NA
2,0.15,0.25,0,0.05,1,0.970192307692308,0.974841772151899,0.731820216790191,0.142857142857143,0.26530612244898,1,0.775602644024546,0.142857142857143,0.62,1,NA
8,0.15,0.25,0,0.05,1,0.445797413793103,0.339747564905837,-0.111931294770037,0.25,0.4375,1,0.876571802270342,0.25,0.68,1,NA
30,0.15,0.25,0,0.05,1,0.9721875,0.976157894736842,0.729599312480267,0.485714285714286,0.735510204081633,1,0.940054707944458,0.485714285714286,0.9,1,NA
1,0.5,0.25,0,0.05,1,0.985110294117647,0.987658227848101,0.756152367616081,0.073170731707317,0.14098750743605,1,0.764827060814324,0.073170731707317,0.61,1,NA
2,0.5,0.25,0,0.05,1,0.948557692307692,0.986508334099335,0.877880797197474,0.238095238095238,0.419501133786848,1,0.867033638255921,0.238095238095238,0.62,1,NA
8,0.5,0.25,0,0.05,1,0.923383620689655,0.982324365423132,0.85456691655144,0.416666666666667,0.659722222222222,1,0.906654179893464,0.416666666666667,0.68,1,NA
30,0.5,0.25,0,0.05,1,0.9298828125,0.936666942817343,0.664241882743247,0.571428571428571,0.816326530612245,1,0.939300255458069,0.571428571428571,0.9,1,NA
1,0.05,0.05,0.3,0.05,1,0.589285714285714,1,0.391431596687546,0.379310344827586,0.61474435196195,1,0.80872774359333,0.379310344827586,0.4175,0.7,NA
2,0.05,0.05,0.3,0.05,1,0.979414682539683,0.984285714285714,0.773460502195939,0.133333333333333,0.248888888888889,1,0.796800515922922,0.133333333333333,0.43,0.7,NA
8,0.05,0.05,0.3,0.05,1,0.895833333333333,1,0.875831459438181,0.525355547465433,0.774712643678161,1,0.887239677514262,0.525355547465433,0.45,0.6,NA
30,0.05,0.05,0.3,0.05,1,0.905,0.982644285490956,0.844687333074561,0.603474207140928,0.842767295597484,1,0.953592155247266,0.603474207140928,0.6425,0.8,NA
1,0.15,0.05,0.3,0.05,1,0.979405630865485,0.98469387755102,0.781039484792652,0.103448275862069,0.196195005945303,1,0.808845249893446,0.103448275862069,0.4125,0.7,NA
2,0.15,0.05,0.3,0.05,1,0.966190476190476,0.995766129032258,0.931285965564678,0.1875,0.33984375,1,0.829012074985008,0.1875,0.425,0.75,NA
8,0.15,0.05,0.3,0.05,1,0.938875,0.986654456654457,0.876773060794431,0.40625,0.6474609375,1,0.897731479031429,0.40625,0.4625,0.625,NA
30,0.15,0.05,0.3,0.05,1,0.959620334620335,0.963334675975653,0.694469611555593,0.477767032132906,0.727272727272727,1,0.932482547936757,0.477767032132906,0.625,0.7,NA
1,0.5,0.05,0.3,0.05,1,0.958940397350993,0.988768472906404,0.887583609836336,0.192307692307692,0.347633136094675,1,0.852534124258677,0.192307692307692,0.44,0.625,NA
2,0.5,0.05,0.3,0.05,1,0.900234741784038,0.916613462717516,0.646898217813235,0.364999364999048,0.596774193548387,1,0.854108255999552,0.364999364999048,0.43,0.75,NA
8,0.5,0.05,0.3,0.05,1,0.963620230700976,0.992972350230415,0.912779666374056,0.283502279168161,0.486631016042781,1,0.867610753543988,0.283502279168161,0.4725,0.7,NA
30,0.5,0.05,0.3,0.05,1,0.977522123893805,0.978867924528302,0.700999238019981,0.510194633500046,0.760090702947846,1,0.936007177022546,0.510194633500046,0.6275,0.625,NA
1,0.05,0.25,0.3,0.05,1,0.438569604086845,0.404845629367018,-0.13492711201297,0.0999999999999999,0.19,1,0.80599798530869,0.0999999999999999,0.41,0.725,NA
2,0.05,0.25,0.3,0.05,1,0.813271604938272,0.377611715120664,0.51693832558345,0.263044473339224,0.456896551724138,1,0.867368539627747,0.263044473339224,0.4275,0.675,NA
8,0.05,0.25,0.3,0.05,1,0.938054924633492,0.944026149273327,0.667574231089981,0.323529411764706,0.542387543252595,1,0.85428326980198,0.323529411764706,0.49,0.725,NA
30,0.05,0.25,0.3,0.05,1,0.506744868035191,0.733748634105351,0.0317635487537581,0.436866662899052,0.682880844645551,1,0.932832706962694,0.436866662899052,0.6275,0.775,NA
1,0.15,0.25,0.3,0.05,1,0.813463098134631,0.388518363407184,0.522634723107905,0.236237384174027,0.416666666666667,1,0.861424151086122,0.236237384174027,0.41,0.675,NA
2,0.15,0.25,0.3,0.05,1,0.762863534675615,0.309117541066752,0.409637130988837,0.372428367557811,0.606153846153846,1,0.877033913959045,0.372428367557811,0.4325,0.6,NA
8,0.15,0.25,0.3,0.05,1,0.477819726285984,0.301874541008414,-0.0406662834840148,0.419354838709677,0.662851196670135,1,0.893059664673096,0.419354838709677,0.4725,0.65,NA
30,0.15,0.25,0.3,0.05,1,0.881806534272902,0.898253695855242,0.62366337229969,0.683028459299869,0.899529042386185,1,0.96315248417397,0.683028459299869,0.6275,0.7,NA
1,0.5,0.25,0.3,0.05,1,0.545498084291188,0.879730216406677,0.202870493251307,0.220226970836068,0.391954022988506,1,0.83296671747566,0.220226970836068,0.4325,0.725,NA
2,0.5,0.25,0.3,0.05,1,0.769271523178808,0.281649902793164,0.403436471203649,0.176312232419627,0.321538461538462,1,0.802818403652949,0.176312232419627,0.44,0.625,NA
8,0.5,0.25,0.3,0.05,1,0.959018404907975,0.988768472906404,0.887503471730407,0.311382872426849,0.525806451612903,1,0.887107407308931,0.311382872426849,0.47,0.625,NA
30,0.5,0.25,0.3,0.05,1,0.98167086217747,0.993697478991597,0.896021309636158,0.463203909640033,0.711849957374254,1,0.948907119335672,0.463203909640033,0.6375,0.7,NA
1,0.05,0.05,0,0,2,1,1,0.773329952663334,0.024390243902439,0.0481856038072576,1,0.730779780628857,0.024390243902439,0.61,1,NA
2,0.05,0.05,0,0,2,0.807692307692308,0.313063759990859,0.475144613015023,0.0476190476190476,0.0929705215419501,1,0.748027435488188,0.0476190476190476,0.62,1,NA
8,0.05,0.05,0,0,2,1,1,0.765641493488776,0.166666666666666,0.305555555555556,1,0.816151239430979,0.166666666666666,0.68,1,NA
30,0.05,0.05,0,0,2,1,1,1,0.428571428571429,0.673469387755102,1,0.916875421185127,0.428571428571429,0.9,1,NA
1,0.15,0.05,0,0,2,1,1,0.773329952663334,0.024390243902439,0.0481856038072576,1,0.730779780628857,0.024390243902439,0.61,1,NA
2,0.15,0.05,0,0,2,1,1,1,0.0476190476190476,0.0929705215419501,1,0.748027435488188,0.0476190476190476,0.62,1,NA
8,0.15,0.05,0,0,2,1,1,0.765641493488776,0.166666666666666,0.305555555555556,1,0.816151239430979,0.166666666666666,0.68,1,NA
30,0.15,0.05,0,0,2,1,1,0.75,0.428571428571429,0.673469387755102,1,0.916875421185127,0.428571428571429,0.9,1,NA
1,0.5,0.05,0,0,2,1,1,0.773329952663334,0.024390243902439,0.0481856038072576,1,0.730779780628857,0.024390243902439,0.61,1,NA
2,0.5,0.05,0,0,2,1,1,0.772109996149413,0.0476190476190476,0.0929705215419501,1,0.748027435488188,0.0476190476190476,0.62,1,NA
8,0.5,0.05,0,0,2,1,1,0.765641493488776,0.166666666666666,0.305555555555556,1,0.816151239430979,0.166666666666666,0.68,1,NA
30,0.5,0.05,0,0,2,1,1,0.75,0.428571428571429,0.673469387755102,1,0.916875421185127,0.428571428571429,0.9,1,NA
1,0.05,0.25,0,0,2,1,1,1,0.024390243902439,0.0481856038072576,1,0.730779780628857,0.024390243902439,0.61,1,NA
2,0.05,0.25,0,0,2,0.807692307692308,0.313063759990859,0.475144613015023,0.0476190476190476,0.0929705215419501,1,0.748027435488188,0.0476190476190476,0.62,1,NA
8,0.05,0.25,0,0,2,1,1,0.765641493488776,0.166666666666666,0.305555555555556,1,0.816151239430979,0.166666666666666,0.68,1,NA
30,0.05,0.25,0,0,2,0.875,0.313063759990859,0.5625,0.428571428571429,0.673469387755102,1,0.916875421185127,0.428571428571429,0.9,1,NA
1,0.15,0.25,0,0,2,1,1,1,0.024390243902439,0.0481856038072576,1,0.730779780628857,0.024390243902439,0.61,1,NA
2,0.15,0.25,0,0,2,0.403846153846154,0.313063759990859,-0.192307692307692,0.0476190476190476,0.0929705215419501,1,0.748027435488188,NA,0.62,1,NA
8,0.15,0.25,0,0,2,0.827586206896552,0.313063759990859,0.501627185389198,0.166666666666666,0.305555555555556,1,0.816151239430979,0.166666666666666,0.68,1,NA
30,0.15,0.25,0,0,2,1,1,0.75,0.428571428571429,0.673469387755102,1,0.916875421185127,0.428571428571429,0.9,1,NA
1,0.5,0.25,0,0,2,1,1,1,0.024390243902439,0.0481856038072576,1,0.730779780628857,0.024390243902439,0.61,1,NA
2,0.5,0.25,0,0,2,1,1,0.772109996149413,0.0476190476190476,0.0929705215419501,1,0.748027435488188,0.0476190476190476,0.62,1,NA
8,0.5,0.25,0,0,2,1,1,1,0.166666666666666,0.305555555555556,1,0.816151239430979,0.166666666666666,0.68,1,NA
30,0.5,0.25,0,0,2,1,1,0.75,0.428571428571429,0.673469387755102,1,0.916875421185127,0.428571428571429,0.9,1,NA
1,0.05,0.05,0.3,0,2,1,1,0.797059938793902,0.0168079197498248,0.0333333333333333,1,0.733497614027492,0.0168079197498248,0.4325,0.725,NA
2,0.05,0.05,0.3,0,2,1,1,1,0.0173926311189649,0.0344827586206896,1,0.738687271412734,0.0173926311189649,0.43,0.7,NA
8,0.05,0.05,0.3,0,2,1,1,0.721740320966683,0.125971551124924,0.236074270557029,1,0.80170763329707,0.125971551124924,0.4775,0.6,NA
30,0.05,0.05,0.3,0,2,1,1,0.769941822132361,0.401633926394587,0.641958041958042,1,0.908581478371775,0.401633926394587,0.63,0.8,NA
1,0.15,0.05,0.3,0,2,0.407801418439716,0.337275693500445,-0.19270583747026,0,0,0.875,0.723597792672654,NA,0.425,0.725,NA
2,0.15,0.05,0.3,0,2,1,1,0.728123155668644,0.0610289319331149,0.118333333333333,1,0.747328391722543,0.0610289319331149,0.4375,0.575,NA
8,0.15,0.05,0.3,0,2,1,1,0.720661529151125,0.171921328789175,0.314285714285714,1,0.813414262990969,0.171921328789175,0.485,0.6,NA
30,0.15,0.05,0.3,0,2,1,1,0.727970811546077,0.464690179640253,0.713443396226415,1,0.914393535160507,0.464690179640253,0.6375,0.675,NA
1,0.5,0.05,0.3,0,2,1,1,0.777008809511501,0.0333333333333331,0.0655555555555555,1,0.738150762102411,0.0333333333333331,0.445,0.725,NA
2,0.5,0.05,0.3,0,2,1,1,1,0.0507110949308653,0.0988505747126437,1,0.744347710883309,0.0507110949308653,0.425,0.7,NA
8,0.5,0.05,0.3,0,2,1,1,0.731533964619512,0.193128469540121,0.348958333333333,1,0.818386400386088,0.193128469540121,0.4675,0.625,NA
30,0.5,0.05,0.3,0,2,1,1,0.75,0.408919536710951,0.650623885918004,1,0.911112031817345,0.408919536710951,0.63,0.7,NA
1,0.05,0.25,0.3,0,2,1,1,1,0.0399999999999998,0.0784,1,0.733031442707866,0.0399999999999998,0.4475,0.6,NA
2,0.05,0.25,0.3,0,2,0.5,1,NA,0.0606060606060604,0.117539026629936,1,0.754071681434064,NA,0.4575,0.775,NA
8,0.05,0.25,0.3,0,2,1,1,1,0.180217705270059,0.327956989247312,1,0.821792591046034,0.180217705270059,0.475,0.625,NA
30,0.05,0.25,0.3,0,2,0.868181818181818,0.32183504959192,0.55847125273615,0.381410425868258,0.61734693877551,1,0.909889767624946,0.381410425868258,0.625,0.75,NA
1,0.15,0.25,0.3,0,2,0.804347826086957,0.342595429250109,0.485474284021431,0.0157490157485236,0.03125,1,0.731482520849103,0.0157490157485236,0.4225,0.775,NA
2,0.15,0.25,0.3,0,2,1,1,1,0.0312499999999998,0.0615234375,1,0.730046803754019,0.0312499999999998,0.44,0.775,NA
8,0.15,0.25,0.3,0,2,1,1,1,0.178005063473214,0.324324324324324,1,0.823783142170225,0.178005063473214,0.4775,0.75,NA
30,0.15,0.25,0.3,0,2,1,1,0.69248533050751,0.460640110029406,0.709090909090909,1,0.91504810578426,0.460640110029406,0.62,0.6,NA
1,0.5,0.25,0.3,0,2,1,1,1,0.0357142857142856,0.0701530612244898,1,0.738608281140467,0.0357142857142856,0.4075,0.675,NA
2,0.5,0.25,0.3,0,2,1,1,0.753568181167689,0.0689655172413793,0.133174791914388,1,0.759476142396288,0.0689655172413793,0.43,0.675,NA
8,0.5,0.25,0.3,0,2,1,1,0.795133222865994,0.150605232255654,0.278528528528528,1,0.807346236520409,0.150605232255654,0.465,0.775,NA
30,0.5,0.25,0.3,0,2,1,1,0.719805019470583,0.436398138023365,0.682352941176471,1,0.914396768147768,0.436398138023365,0.6275,0.675,NA
1,0.05,0.05,0,0.05,2,0.512132352941176,0.736048152222751,0.0538095512948694,0.121951219512195,0.229030339083879,1,0.826451246173764,0.121951219512195,0.61,1,NA
2,0.05,0.05,0,0.05,2,0.469951923076923,0.422275288719769,-0.0594163695969165,0.238095238095238,0.419501133786848,1,0.838035550473297,0.238095238095238,0.62,1,NA
8,0.05,0.05,0,0.05,2,0.942025862068966,0.950982627022101,0.698047141378401,0.333333333333333,0.555555555555556,1,0.878025146937564,0.333333333333333,0.68,1,NA
30,0.05,0.05,0,0.05,2,0.97453125,0.993405797101449,0.909693609191424,0.485714285714286,0.735510204081633,1,0.946229849571472,0.485714285714286,0.9,1,NA
1,0.15,0.05,0,0.05,2,0.767463235294118,0.328529259128906,0.427670720047555,0.268292682926829,0.464604402141582,1,0.839369292139664,0.268292682926829,0.61,1,NA
2,0.15,0.05,0,0.05,2,0.940865384615385,0.950316183816184,0.697798549305873,0.238095238095238,0.419501133786848,1,0.826142380701546,0.238095238095238,0.62,1,NA
8,0.15,0.05,0,0.05,2,0.913362068965517,0.926490909113364,0.662407983530722,0.416666666666667,0.659722222222222,1,0.899426204343604,0.416666666666667,0.68,1,NA
30,0.15,0.05,0,0.05,2,0.958515625,0.96506412234152,0.719948009270463,0.514285714285714,0.764081632653061,1,0.949950194939886,0.514285714285714,0.9,1,NA
1,0.5,0.05,0,0.05,2,0.941176470588235,0.951666965451392,0.705428086513365,0.219512195121951,0.390838786436645,1,0.840657426839683,0.219512195121951,0.61,1,NA
2,0.5,0.05,0,0.05,2,0.896935096153846,0.912436002909082,0.639922707984832,0.380952380952381,0.616780045351474,1,0.863965568199204,0.380952380952381,0.62,1,NA
8,0.5,0.05,0,0.05,2,0.898922413793103,0.913633766256221,0.642535868812228,0.458333333333333,0.706597222222222,1,0.905410882270778,0.458333333333333,0.68,1,NA
30,0.5,0.05,0,0.05,2,0.95828125,0.96399573257468,0.711841204940619,0.514285714285714,0.764081632653061,1,0.943750774159597,0.514285714285714,0.9,1,NA
1,0.05,0.25,0,0.05,2,0.936274509803922,0.988081714560728,0.880275794609779,0.268292682926829,0.464604402141582,1,0.850846140145762,0.268292682926829,0.61,1,NA
2,0.05,0.25,0,0.05,2,0.956009615384615,0.96399573257468,0.724971462175697,0.19047619047619,0.344671201814059,1,0.838035550473297,0.19047619047619,0.62,1,NA
8,0.05,0.25,0,0.05,2,0.958189655172414,0.771060744000423,0.89708530887033,0.25,0.4375,1,0.869583647696069,0.25,0.68,1,NA
30,0.05,0.25,0,0.05,2,0.92359375,0.979278368942541,0.846438380844896,0.6,0.84,1,0.959693382033374,0.6,0.9,1,NA
1,0.15,0.25,0,0.05,2,0.941666666666667,0.953092291355604,0.712810809371177,0.219512195121951,0.390838786436645,1,0.860051066397819,0.219512195121951,0.61,1,NA
2,0.15,0.25,0,0.05,2,0.941105769230769,0.950982627022101,0.701277086501004,0.238095238095238,0.419501133786848,1,0.838035550473297,0.238095238095238,0.62,1,NA
8,0.15,0.25,0,0.05,2,0.485775862068966,0.334041104354275,-0.0278351089660414,0.416666666666667,0.659722222222222,1,0.899426204343604,0.416666666666667,0.68,1,NA
30,0.15,0.25,0,0.05,2,0.91140625,0.982886033049257,0.851054512209977,0.628571428571429,0.862040816326531,1,0.956204744878309,0.628571428571429,0.9,1,NA
1,0.5,0.25,0,0.05,2,0.467892156862745,0.323201914088038,-0.0616925460333532,0.317073170731707,0.533610945865556,1,0.835392254909664,0.317073170731707,0.61,1,NA
2,0.5,0.25,0,0.05,2,0.949038461538461,0.990581714560728,0.896826022166812,0.238095238095238,0.419501133786848,1,0.848689381848603,0.238095238095238,0.62,1,NA
8,0.5,0.25,0,0.05,2,0.949353448275862,0.992765831375091,0.907427777739803,0.333333333333333,0.555555555555556,1,0.878025146937564,0.333333333333333,0.68,1,NA
30,0.5,0.25,0,0.05,2,0.94890625,0.984606086302432,0.869056070016905,0.542857142857143,0.791020408163265,1,0.956204744878309,0.542857142857143,0.9,1,NA
1,0.05,0.05,0.3,0.05,2,0.432692307692308,0.382363246271791,-0.151201009111833,0.0909090909090908,0.173553719008264,1,0.797890407773511,0.0909090909090908,0.4375,0.8,NA
2,0.05,0.05,0.3,0.05,2,0.775629695095007,0.342595429250109,0.445020277133761,0.218368250649097,0.389051808406647,1,0.831374723899473,0.218368250649097,0.4425,0.775,NA
8,0.05,0.05,0.3,0.05,2,1,1,0.950301681600117,0.213008997059256,0.380645161290322,1,0.872192800964051,0.213008997059256,0.4775,0.6,NA
30,0.05,0.05,0.3,0.05,2,0.943212669683258,0.949142801480616,0.680735208425226,0.519903971190397,0.769507803121249,1,0.930444882974697,0.519903971190397,0.6275,0.75,NA
1,0.15,0.05,0.3,0.05,2,0.942076760065929,0.954150183579081,0.716751371754673,0.206249206248809,0.369959677419355,1,0.81802595055788,0.206249206248809,0.42,0.775,NA
2,0.15,0.05,0.3,0.05,2,0.952275862068966,0.95732946298984,0.688214699277624,0.207406076098783,0.371794871794872,1,0.824205859861485,0.207406076098783,0.425,0.625,NA
8,0.15,0.05,0.3,0.05,2,0.892163504968383,0.903774944585156,0.61894825730447,0.468490410441386,0.717497556207234,1,0.88698061711417,0.468490410441386,0.4775,0.675,NA
30,0.15,0.05,0.3,0.05,2,0.98206384323641,0.998768472906404,0.96390102745773,0.46388903575249,0.712585034013606,1,0.924731541942353,0.46388903575249,0.635,0.7,NA
1,0.5,0.05,0.3,0.05,2,0.929230769230769,0.935368678676115,0.653978022168207,0.254758686474901,0.444615384615384,1,0.830734461519583,0.254758686474901,0.4525,0.625,NA
2,0.5,0.05,0.3,0.05,2,1,1,0.942032456819084,0.0543891423106995,0.105820105820106,1,0.818372506007636,0.0543891423106995,0.4275,0.65,NA
8,0.5,0.05,0.3,0.05,2,1,1,0.918625045935237,0.206896551724138,0.370986920332937,1,0.879946091183391,0.206896551724138,0.47,0.575,NA
30,0.5,0.05,0.3,0.05,2,0.961952861952862,0.986321548821549,0.868967435125489,0.494474970396563,0.744444444444444,1,0.948494709889507,0.494474970396563,0.6175,0.675,NA
1,0.05,0.25,0.3,0.05,2,0.454344827586207,0.377498634640777,-0.0858769853561349,0.192307692307692,0.347633136094675,1,0.833059418785022,0.192307692307692,0.425,0.625,NA
2,0.05,0.25,0.3,0.05,2,0.489795918367347,0.774453510759378,-0.0593181998955285,-2.22044604925031e-16,2.23407873548919e-32,0.875,0.774651655652074,NA,0.4425,0.75,NA
8,0.05,0.25,0.3,0.05,2,0.448564593301435,0.354934278427555,-0.106692019848611,0.289227529234914,0.494802494802495,1,0.855863004125537,0.289227529234914,0.4625,0.825,NA
30,0.05,0.25,0.3,0.05,2,0.945248584015104,0.983248018782293,0.863177333323841,0.554987633265496,0.801963993453355,1,0.95918058452897,0.554987633265496,0.6375,0.7,NA
1,0.15,0.25,0.3,0.05,2,0.980022831050228,0.98361581920904,0.752928865470681,0.0818438299024657,0.156989247311828,1,0.770171499857865,0.0818438299024657,0.44,0.75,NA
2,0.15,0.25,0.3,0.05,2,0.94908466819222,0.95337917775806,0.676488684829168,0.24,0.4224,1,0.877393971633214,0.24,0.4375,0.575,NA
8,0.15,0.25,0.3,0.05,2,0.95425,0.961258865248227,0.711290258962575,0.310641227486457,0.524784482758621,1,0.895021678724638,0.310641227486457,0.4625,0.625,NA
30,0.15,0.25,0.3,0.05,2,0.979859752120026,0.982142857142857,0.725569683246321,0.451871872237481,0.699555555555556,1,0.919804362331789,0.451871872237481,0.6175,0.7,NA
1,0.5,0.25,0.3,0.05,2,0.961640211640212,0.988239247311828,0.883029994455025,0.178571428571428,0.325255102040816,1,0.859038493104277,0.178571428571428,0.4175,0.675,NA
2,0.5,0.25,0.3,0.05,2,0.984409310496267,0.996723996723997,0.935233725917119,0.074523777258875,0.14349376114082,1,0.821625992741191,0.074523777258875,0.4275,0.825,NA
8,0.5,0.25,0.3,0.05,2,0.921645021645022,0.935108794714058,0.678095039620128,0.371171854477468,0.604575163398693,1,0.864685736048398,0.371171854477468,0.46,0.75,NA
30,0.5,0.25,0.3,0.05,2,0.919089759797724,0.924116928573112,0.63709226363952,0.574468085106383,0.818922589406971,1,0.933184748857362,0.574468085106383,0.635,0.7,NA
1,0.05,0.05,0,0,3,1,1,1,0.024390243902439,0.0481856038072576,1,0.730779780628857,0.024390243902439,0.61,1,NA
2,0.05,0.05,0,0,3,1,1,0.772109996149413,0.0476190476190476,0.0929705215419501,1,0.748027435488188,0.0476190476190476,0.62,1,NA
8,0.05,0.05,0,0,3,1,1,1,0.166666666666666,0.305555555555556,1,0.816151239430979,0.166666666666666,0.68,1,NA
30,0.05,0.05,0,0,3,1,1,0.75,0.428571428571429,0.673469387755102,1,0.916875421185127,0.428571428571429,0.9,1,NA
1,0.15,0.05,0,0,3,1,1,0.773329952663334,0.024390243902439,0.0481856038072576,1,0.730779780628857,0.024390243902439,0.61,1,NA
2,0.15,0.05,0,0,3,1,1,0.772109996149413,0.0476190476190476,0.0929705215419501,1,0.748027435488188,0.0476190476190476,0.62,1,NA
8,0.15,0.05,0,0,3,1,1,0.765641493488776,0.166666666666666,0.305555555555556,1,0.816151239430979,0.166666666666666,0.68,1,NA
30,0.15,0.05,0,0,3,1,1,0.75,0.428571428571429,0.673469387755102,1,0.916875421185127,0.428571428571429,0.9,1,NA
1,0.5,0.05,0,0,3,1,1,0.773329952663334,0.024390243902439,0.0481856038072576,1,0.730779780628857,0.024390243902439,0.61,1,NA
2,0.5,0.05,0,0,3,1,1,0.772109996149413,0.0476190476190476,0.0929705215419501,1,0.748027435488188,0.0476190476190476,0.62,1,NA
8,0.5,0.05,0,0,3,1,1,1,0.166666666666666,0.305555555555556,1,0.816151239430979,0.166666666666666,0.68,1,NA
30,0.5,0.05,0,0,3,1,1,0.75,0.428571428571429,0.673469387755102,1,0.916875421185127,0.428571428571429,0.9,1,NA
1,0.05,0.25,0,0,3,1,1,0.773329952663334,0.024390243902439,0.0481856038072576,1,0.730779780628857,0.024390243902439,0.61,1,NA
2,0.05,0.25,0,0,3,1,1,1,0.0476190476190476,0.0929705215419501,1,0.748027435488188,0.0476190476190476,0.62,1,NA
8,0.05,0.25,0,0,3,0.5,1,NA,0.166666666666666,0.305555555555556,1,0.816151239430979,NA,0.68,1,NA
30,0.05,0.25,0,0,3,1,1,0.75,0.428571428571429,0.673469387755102,1,0.916875421185127,0.428571428571429,0.9,1,NA
1,0.15,0.25,0,0,3,1,1,1,0.024390243902439,0.0481856038072576,1,0.730779780628857,0.024390243902439,0.61,1,NA
2,0.15,0.25,0,0,3,1,1,0.772109996149413,0.0476190476190476,0.0929705215419501,1,0.748027435488188,0.0476190476190476,0.62,1,NA
8,0.15,0.25,0,0,3,1,1,1,0.166666666666666,0.305555555555556,1,0.816151239430979,0.166666666666666,0.68,1,NA
30,0.15,0.25,0,0,3,1,1,1,0.428571428571429,0.673469387755102,1,0.916875421185127,0.428571428571429,0.9,1,NA
1,0.5,0.25,0,0,3,1,1,0.773329952663334,0.024390243902439,0.0481856038072576,1,0.730779780628857,0.024390243902439,0.61,1,NA
2,0.5,0.25,0,0,3,1,1,0.772109996149413,0.0476190476190476,0.0929705215419501,1,0.748027435488188,0.0476190476190476,0.62,1,NA
8,0.5,0.25,0,0,3,1,1,0.765641493488776,0.166666666666666,0.305555555555556,1,0.816151239430979,0.166666666666666,0.68,1,NA
30,0.5,0.25,0,0,3,1,1,1,0.428571428571429,0.673469387755102,1,0.916875421185127,0.428571428571429,0.9,1,NA
1,0.05,0.05,0.3,0,3,0.408450704225352,0.330490085151435,-0.188686257878954,0.0173926311189649,0.0344827586206897,1,0.732685090381694,NA,0.425,0.7,NA
2,0.05,0.05,0.3,0,3,0.786206896551724,0.295903032989104,0.435253206626031,0.0507110949308653,0.0988505747126437,1,0.748541350542036,0.0507110949308653,0.4325,0.7,NA
8,0.05,0.05,0.3,0,3,1,1,0.779688680501823,0.183017553762434,0.332539682539682,1,0.815230005858049,0.183017553762434,0.49,0.725,NA
30,0.05,0.05,0.3,0,3,1,1,0.766568124297632,0.394469929180502,0.633333333333333,1,0.904995804017391,0.394469929180502,0.6325,0.825,NA
1,0.15,0.05,0.3,0,3,1,1,1,0.0344827586206897,0.0677764565992866,1,0.731255060123879,0.0344827586206897,0.435,0.7,NA
2,0.15,0.05,0.3,0,3,1,1,0.728960593591003,0.0610289319331149,0.118333333333333,1,0.747328391722543,0.0610289319331149,0.4325,0.575,NA
8,0.15,0.05,0.3,0,3,1,1,0.768391150167497,0.175042088615695,0.319444444444444,1,0.815488276124183,0.175042088615695,0.49,0.7,NA
30,0.15,0.05,0.3,0,3,1,1,0.735220210083685,0.449283919645938,0.696711798839458,1,0.914219463970384,0.449283919645938,0.635,0.7,NA
1,0.5,0.05,0.3,0,3,1,1,0.733996405278152,0.021054989627439,0.0416666666666667,1,0.726266822768373,0.021054989627439,0.405,0.575,NA
2,0.5,0.05,0.3,0,3,1,1,0.745197389244065,0.0524857514361448,0.102216748768473,1,0.736911837662345,0.0524857514361448,0.435,0.675,NA
8,0.5,0.05,0.3,0,3,1,1,0.749573033181222,0.163498087428696,0.30026455026455,1,0.823206891880752,0.163498087428696,0.465,0.575,NA
30,0.5,0.05,0.3,0,3,1,1,0.816944098955806,0.387943627517877,0.625386996904025,1,0.918761958792271,0.387943627517877,0.6225,0.825,NA
1,0.05,0.25,0.3,0,3,0.794326241134752,0.273247198252115,0.431495494837231,0.0416666666666664,0.0815972222222222,1,0.740769426844894,0.0416666666666664,0.41,0.575,NA
2,0.05,0.25,0.3,0,3,0.390845070422535,0.282507361966506,-0.203546231015928,0.0714285714285713,0.137755102040816,1,0.749627421895684,NA,0.42,0.65,NA
8,0.05,0.25,0.3,0,3,1,1,0.807527609643246,0.15760299761175,0.29036729036729,1,0.811454252454389,0.15760299761175,0.485,0.8,NA
30,0.05,0.25,0.3,0,3,0.5,1,NA,0.431372549019608,0.676662821991542,1,0.917244983613901,NA,0.6425,0.725,NA
1,0.15,0.25,0.3,0,3,1,1,0.742117858736844,0.0186932370746836,0.037037037037037,1,0.730737948120989,0.0186932370746836,0.43,0.65,NA
2,0.15,0.25,0.3,0,3,1,1,0.740803236406064,0.0636178161653764,0.123188405797101,1,0.742550737199299,0.0636178161653764,0.425,0.55,NA
8,0.15,0.25,0.3,0,3,1,1,0.774272434539441,0.154845745271483,0.285714285714286,1,0.811237399656276,0.154845745271483,0.4775,0.75,NA
30,0.15,0.25,0.3,0,3,1,1,0.751679733347031,0.407669656600891,0.649144764288694,1,0.905014596868535,0.407669656600891,0.63,0.725,NA
1,0.5,0.25,0.3,0,3,1,1,0.742614341721789,0.0370370370370369,0.0727023319615912,1,0.737941567075414,0.0370370370370369,0.4275,0.65,NA
2,0.5,0.25,0.3,0,3,1,1,1,0.0624999999999998,0.12109375,1,0.750892945779459,0.0624999999999998,0.435,0.75,NA
8,0.5,0.25,0.3,0,3,1,1,0.710607331200803,0.198807255197847,0.358090185676393,1,0.820589950987765,0.198807255197847,0.4625,0.55,NA
30,0.5,0.25,0.3,0,3,1,1,1,0.434649003353683,0.680378250591017,1,0.915672889285353,0.434649003353683,0.63,0.65,NA
1,0.05,0.05,0,0.05,3,0.741176470588235,0.334041104354275,0.393052777225379,0.414634146341463,0.657346817370613,1,0.875922853506967,0.414634146341463,0.61,1,NA
2,0.05,0.05,0,0.05,3,0.73125,0.318049665991088,0.371082135873005,0.428571428571428,0.673469387755102,1,0.844662947405856,0.428571428571428,0.62,1,NA
8,0.05,0.05,0,0.05,3,0.923383620689655,0.982324365423132,0.85456691655144,0.416666666666667,0.659722222222222,1,0.906654179893464,0.416666666666667,0.68,1,NA
30,0.05,0.05,0,0.05,3,0.9721875,0.976157894736842,0.729599312480267,0.485714285714286,0.735510204081633,1,0.940054707944458,0.485714285714286,0.9,1,NA
1,0.15,0.05,0,0.05,3,0.742524509803922,0.323201914088038,0.389602389186591,0.365853658536585,0.597858417608566,1,0.843485951299437,0.365853658536585,0.61,1,NA
2,0.15,0.05,0,0.05,3,0.936298076923077,0.988081714560728,0.880407593269159,0.285714285714286,0.489795918367347,1,0.858311040477453,0.285714285714286,0.62,1,NA
8,0.15,0.05,0,0.05,3,0.971336206896552,0.976869677897075,0.747922473099543,0.25,0.4375,1,0.88298591340733,0.25,0.68,1,NA
30,0.15,0.05,0,0.05,3,0.9581640625,0.963482627022101,0.707927640969406,0.514285714285714,0.764081632653061,1,0.940305924538454,0.514285714285714,0.9,1,NA
1,0.5,0.05,0,0.05,3,0.912132352941176,0.927545986199396,0.668342934169386,0.317073170731707,0.533610945865556,1,0.870474829353268,0.317073170731707,0.61,1,NA
2,0.5,0.05,0,0.05,3,0.961598557692308,0.991474336387127,0.903676383643373,0.19047619047619,0.344671201814059,1,0.847536425773434,0.19047619047619,0.62,1,NA
8,0.5,0.05,0,0.05,3,0.949353448275862,0.992765831375091,0.907427777739803,0.333333333333333,0.555555555555556,1,0.878025146937564,0.333333333333333,0.68,1,NA
30,0.5,0.05,0,0.05,3,0.9034765625,0.917432556691952,0.652055890481088,0.628571428571429,0.862040816326531,1,0.965286693601221,0.628571428571429,0.9,1,NA
1,0.05,0.25,0,0.05,3,0.463235294117647,0.334041104354275,-0.0726739118637071,0.268292682926829,0.464604402141582,1,0.850846140145762,0.268292682926829,0.61,1,NA
2,0.05,0.25,0,0.05,3,0.956189903846154,0.964522707639146,0.728560952092617,0.19047619047619,0.344671201814059,1,0.847536425773434,0.19047619047619,0.62,1,NA
8,0.05,0.25,0,0.05,3,0.971120689655172,0.976157894736842,0.740526872192018,0.25,0.4375,1,0.869583647696069,0.25,0.68,1,NA
30,0.05,0.25,0,0.05,3,0.49921875,0.334041104354275,-0.0015445346341711,0.571428571428571,0.816326530612245,1,0.950433052423653,0.571428571428571,0.9,1,NA
1,0.15,0.25,0,0.05,3,0.970588235294118,0.976157894736842,0.745812943619826,0.121951219512195,0.229030339083879,1,0.816554656871175,0.121951219512195,0.61,1,NA
2,0.15,0.25,0,0.05,3,0.987139423076923,0.996739130434783,0.92764902775509,0.0952380952380951,0.18140589569161,1,0.830213595291537,0.0952380952380951,0.62,1,NA
8,0.15,0.25,0,0.05,3,0.913362068965517,0.926490909113364,0.662407983530722,0.416666666666667,0.659722222222222,1,0.899426204343604,0.416666666666666,0.68,1,NA
30,0.15,0.25,0,0.05,3,0.8291015625,0.328529259128906,0.513933568371878,0.571428571428571,0.816326530612245,1,0.946963811358946,0.571428571428571,0.9,1,NA
1,0.5,0.25,0,0.05,3,0.926470588235294,0.939166965451392,0.685054444841658,0.268292682926829,0.464604402141582,1,0.850846140145762,0.268292682926829,0.61,1,NA
2,0.5,0.25,0,0.05,3,0.941586538461539,0.952369929861368,0.708510708101877,0.238095238095238,0.419501133786848,1,0.858311040477453,0.238095238095238,0.62,1,NA
8,0.5,0.25,0,0.05,3,0.985506465517241,0.987987012987013,0.756248917150527,0.208333333333333,0.373263888888889,1,0.852838868612409,0.208333333333333,0.68,1,NA
30,0.5,0.25,0,0.05,3,0.97203125,0.97548285048285,0.721928711564267,0.485714285714286,0.735510204081633,1,0.932955196922379,0.485714285714286,0.9,1,NA
1,0.05,0.05,0.3,0.05,3,0.735915492957746,0.328855348875425,0.381309506687566,0.354838709677419,0.583766909469303,1,0.830350732283957,0.354838709677419,0.43,0.75,NA
2,0.05,0.05,0.3,0.05,3,0.747087604846225,0.329643439953758,0.398126432267417,0.366314521333183,0.598442714126807,1,0.869879033691543,0.366314521333183,0.4425,0.725,NA
8,0.05,0.05,0.3,0.05,3,0.913522012578616,0.970537199728376,0.814123712388075,0.428571428571428,0.673469387755102,1,0.938680670128645,0.428571428571428,0.4725,0.75,NA
30,0.05,0.05,0.3,0.05,3,0.95810289927937,0.961291486291486,0.686318216952173,0.515547858348195,0.76530612244898,1,0.934001713613319,0.515547858348195,0.62,0.675,NA
1,0.15,0.05,0.3,0.05,3,0.456349206349206,0.308806318267372,-0.0816520317328473,0.298137593656404,0.507389162561576,1,0.837774792516726,0.298137593656404,0.43,0.7,NA
2,0.15,0.05,0.3,0.05,3,0.966397849462366,0.989392618424876,0.88718430428583,0.169132435889504,0.309659090909091,1,0.860634985277629,0.169132435889504,0.4375,0.775,NA
8,0.15,0.05,0.3,0.05,3,0.931818181818182,0.939027617547211,0.664595656901689,0.354838709677419,0.583766909469303,1,0.89558372617272,0.354838709677419,0.45,0.65,NA
30,0.15,0.05,0.3,0.05,3,0.978829284750337,0.981946624803768,0.737458023777446,0.499565406263021,0.749565217391304,1,0.940575027527159,0.499565406263021,0.635,0.65,NA
1,0.5,0.05,0.3,0.05,3,0.938356164383562,0.948264862783919,0.693909580363762,0.220226970836068,0.391954022988506,1,0.86641987735279,0.220226970836068,0.4375,0.725,NA
2,0.5,0.05,0.3,0.05,3,0.929411764705882,0.947693308459377,0.718540144900178,0.256839464382462,0.447712418300654,1,0.84870590501361,0.256839464382462,0.41,0.85,NA
8,0.5,0.05,0.3,0.05,3,0.9828125,0.995238095238095,0.916363240905052,0.22192197987258,0.394594594594595,1,0.88602261809844,0.22192197987258,0.475,0.75,NA
30,0.5,0.05,0.3,0.05,3,0.979468599033816,0.982193732193732,0.73276962236114,0.479053601793234,0.728614850195397,1,0.939541054391,0.479053601793234,0.6425,0.675,NA
1,0.05,0.25,0.3,0.05,3,0.448961555457357,0.411358175415625,-0.106214747317511,0.15625,0.2880859375,1,0.855852521662361,0.15625,0.4425,0.775,NA
2,0.05,0.25,0.3,0.05,3,0.746896551724138,0.308680717857226,0.38750969490419,0.237999237998857,0.419354838709677,1,0.796165039502801,0.237999237998857,0.4375,0.75,NA
8,0.05,0.25,0.3,0.05,3,0.924556213017751,0.992487468671679,0.889559594183426,0.450874821613085,0.698461538461538,1,0.886122150889344,0.450874821613085,0.4725,0.5,NA
30,0.05,0.25,0.3,0.05,3,0.851131221719457,0.369324387493502,0.566913283711236,0.524729179371196,0.774117647058824,1,0.956810419459858,0.524729179371196,0.6275,0.75,NA
1,0.15,0.25,0.3,0.05,3,0.939285714285714,0.949142801480616,0.694955053363603,0.2,0.36,1,0.820179593234547,0.2,0.425,0.75,NA
2,0.15,0.25,0.3,0.05,3,0.424969987995198,0.346124968310511,-0.155407963199684,0.154845745271483,0.285714285714286,1,0.826256213333229,0.154845745271483,0.4525,0.85,NA
8,0.15,0.25,0.3,0.05,3,0.950119474313023,0.986167585313695,0.875985546851151,0.34187734188418,0.566874566874567,1,0.89886176042619,0.34187734188418,0.4825,0.775,NA
30,0.15,0.25,0.3,0.05,3,0.934496567505721,0.994321762043879,0.905313311479681,0.60454421058065,0.843614718614719,1,0.945369698867725,0.60454421058065,0.6275,0.575,NA
1,0.5,0.25,0.3,0.05,3,0.770249617931737,0.324177881045026,0.428174000969791,0.333333333333333,0.555555555555555,1,0.835025096186888,0.333333333333333,0.4425,0.65,NA
2,0.5,0.25,0.3,0.05,3,0.970128022759602,0.973009446693657,0.706266209337438,0.14893550365301,0.275689223057644,1,0.852023980693085,0.14893550365301,0.4175,0.475,NA
8,0.5,0.25,0.3,0.05,3,0.966252587991718,0.995766129032258,0.931657251119763,0.287068953760794,0.491729323308271,1,0.866909401650247,0.287068953760794,0.4775,0.75,NA
30,0.5,0.25,0.3,0.05,3,0.965230855855856,0.97234296679198,0.744121317488301,0.471604050732522,0.720797720797721,1,0.941739555978729,0.471604050732522,0.635,0.8,NA
1,0.05,0.05,0,0,4,0.803921568627451,0.313063759990859,0.470063304560066,0.024390243902439,0.0481856038072576,1,0.730779780628857,0.024390243902439,0.61,1,NA
2,0.05,0.05,0,0,4,1,1,1,0.0476190476190476,0.0929705215419501,1,0.748027435488188,0.0476190476190476,0.62,1,NA
8,0.05,0.05,0,0,4,1,1,1,0.166666666666666,0.305555555555556,1,0.816151239430979,0.166666666666666,0.68,1,NA
30,0.05,0.05,0,0,4,1,1,1,0.428571428571429,0.673469387755102,1,0.916875421185127,0.428571428571429,0.9,1,NA
1,0.15,0.05,0,0,4,1,1,0.773329952663334,0.024390243902439,0.0481856038072576,1,0.730779780628857,0.024390243902439,0.61,1,NA
2,0.15,0.05,0,0,4,1,1,0.772109996149413,0.0476190476190476,0.0929705215419501,1,0.748027435488188,0.0476190476190476,0.62,1,NA
8,0.15,0.05,0,0,4,1,1,0.765641493488776,0.166666666666666,0.305555555555556,1,0.816151239430979,0.166666666666666,0.68,1,NA
30,0.15,0.05,0,0,4,1,1,0.75,0.428571428571429,0.673469387755102,1,0.916875421185127,0.428571428571429,0.9,1,NA
1,0.5,0.05,0,0,4,1,1,0.773329952663334,0.024390243902439,0.0481856038072576,1,0.730779780628857,0.024390243902439,0.61,1,NA
2,0.5,0.05,0,0,4,1,1,0.772109996149413,0.0476190476190476,0.0929705215419501,1,0.748027435488188,0.0476190476190476,0.62,1,NA
8,0.5,0.05,0,0,4,1,1,0.765641493488776,0.166666666666666,0.305555555555556,1,0.816151239430979,0.166666666666666,0.68,1,NA
30,0.5,0.05,0,0,4,1,1,0.75,0.428571428571429,0.673469387755102,1,0.916875421185127,0.428571428571429,0.9,1,NA
1,0.05,0.25,0,0,4,1,1,0.773329952663334,0.024390243902439,0.0481856038072576,1,0.730779780628857,0.024390243902439,0.61,1,NA
2,0.05,0.25,0,0,4,1,1,0.772109996149413,0.0476190476190476,0.0929705215419501,1,0.748027435488188,0.0476190476190476,0.62,1,NA
8,0.05,0.25,0,0,4,0.827586206896552,0.313063759990859,0.501627185389198,0.166666666666666,0.305555555555556,1,0.816151239430979,0.166666666666666,0.68,1,NA
30,0.05,0.25,0,0,4,1,1,1,0.428571428571429,0.673469387755102,1,0.916875421185127,0.428571428571429,0.9,1,NA
1,0.15,0.25,0,0,4,1,1,0.773329952663334,0.024390243902439,0.0481856038072576,1,0.730779780628857,0.024390243902439,0.61,1,NA
2,0.15,0.25,0,0,4,1,1,1,0.0476190476190476,0.0929705215419501,1,0.748027435488188,0.0476190476190476,0.62,1,NA
8,0.15,0.25,0,0,4,0.827586206896552,0.313063759990859,0.501627185389198,0.166666666666666,0.305555555555556,1,0.816151239430979,0.166666666666666,0.68,1,NA
30,0.15,0.25,0,0,4,1,1,1,0.428571428571429,0.673469387755102,1,0.916875421185127,0.428571428571429,0.9,1,NA
1,0.5,0.25,0,0,4,1,1,0.773329952663334,0.024390243902439,0.0481856038072576,1,0.730779780628857,0.024390243902439,0.61,1,NA
2,0.5,0.25,0,0,4,1,1,1,0.0476190476190476,0.0929705215419501,1,0.748027435488188,0.0476190476190476,0.62,1,NA
8,0.5,0.25,0,0,4,1,1,1,0.166666666666666,0.305555555555556,1,0.816151239430979,0.166666666666666,0.68,1,NA
30,0.5,0.25,0,0,4,1,1,0.75,0.428571428571429,0.673469387755102,1,0.916875421185127,0.428571428571429,0.9,1,NA
1,0.05,0.05,0.3,0,4,1,1,0.809829013977819,0.0162612463240704,0.032258064516129,1,0.733849261663757,0.0162612463240704,0.42,0.75,NA
2,0.05,0.05,0.3,0,4,0.802816901408451,0.315701684183137,0.468570990343033,0.0507110949308653,0.0988505747126437,1,0.750158942711145,0.0507110949308653,0.425,0.7,NA
8,0.05,0.05,0.3,0,4,1,1,0.84126756073198,0.136363636363636,0.254132231404959,1,0.820650561579098,0.136363636363636,0.48,0.95,NA
30,0.05,0.05,0.3,0,4,1,1,0.7266917610818,0.466139136039845,0.714992577931717,1,0.923502846417784,0.466139136039845,0.62,0.6,NA
1,0.15,0.05,0.3,0,4,1,1,1,0.0357142857142856,0.0701530612244898,0.875,0.723120731710236,0.0357142857142856,0.425,0.675,NA
2,0.15,0.05,0.3,0,4,1,1,1,0.049052538113268,0.0956989247311828,1,0.747972644671911,0.049052538113268,0.4325,0.725,NA
8,0.15,0.05,0.3,0,4,1,1,0.758959469647263,0.159539361014193,0.293625914315569,1,0.817935992608306,0.159539361014193,0.455,0.65,NA
30,0.15,0.05,0.3,0,4,1,1,0.729768720814676,0.462334507975825,0.710915818686402,1,0.916968751165299,0.462334507975825,0.6125,0.625,NA
1,0.5,0.05,0.3,0,4,1,1,0.748407321645003,0.0370370370370369,0.0727023319615912,1,0.731965098294452,0.0370370370370369,0.4175,0.65,NA
2,0.5,0.05,0.3,0,4,1,1,1,0.0474990474985713,0.092741935483871,1,0.746953489328885,0.0474990474985713,0.4425,0.75,NA
8,0.5,0.05,0.3,0,4,1,1,0.746615468944319,0.193940064064182,0.350267379679144,1,0.818407912867313,0.193940064064182,0.47,0.675,NA
30,0.5,0.05,0.3,0,4,1,1,0.779582057271311,0.401843035635153,0.642208245981831,1,0.915725126460567,0.401843035635153,0.6275,0.8,NA
1,0.05,0.25,0.3,0,4,0.5,1,NA,0.0157490157485236,0.03125,1,0.730201156529725,NA,0.43,0.775,NA
2,0.05,0.25,0.3,0,4,1,1,0.768114574786861,0.0524857514361448,0.102216748768473,1,0.745178973099976,0.0524857514361448,0.4425,0.675,NA
8,0.05,0.25,0.3,0,4,0.5,1,NA,0.194737283127497,0.351551956815115,1,0.829307333192147,NA,0.4875,0.775,NA
30,0.05,0.25,0.3,0,4,1,1,1,0.398029881030021,0.63763197586727,1,0.919984001944895,0.398029881030021,0.6375,0.775,NA
1,0.15,0.25,0.3,0,4,1,1,0.773192141033858,0.0357142857142856,0.0701530612244898,1,0.732472786689205,0.0357142857142856,0.4125,0.675,NA
2,0.15,0.25,0.3,0,4,1,1,0.760260081620145,0.049052538113268,0.0956989247311828,1,0.751753540105223,0.049052538113268,0.4325,0.725,NA
8,0.15,0.25,0.3,0,4,1,1,0.764753872071587,0.175042088615695,0.319444444444444,1,0.823355097193871,0.175042088615695,0.4825,0.7,NA
30,0.15,0.25,0.3,0,4,1,1,0.755103845958831,0.410493655253437,0.652482269503546,1,0.91850839880135,0.410493655253437,0.63,0.7,NA
1,0.5,0.25,0.3,0,4,1,1,1,0.0344827586206897,0.0677764565992866,1,0.731748487458809,0.0344827586206897,0.435,0.7,NA
2,0.5,0.25,0.3,0,4,1,1,0.752745080134206,0.0714285714285713,0.137755102040816,1,0.756341038243102,0.0714285714285713,0.4375,0.65,NA
8,0.5,0.25,0.3,0,4,1,1,0.763619022812596,0.171428571428571,0.313469387755102,1,0.817309461987723,0.171428571428571,0.4775,0.725,NA
30,0.5,0.25,0.3,0,4,1,1,1,0.462085646360081,0.710648148148148,1,0.923581973553728,0.462085646360081,0.6325,0.625,NA
1,0.05,0.05,0,0.05,4,0.556985294117647,0.858662859667583,0.252741831839538,0.268292682926829,0.464604402141582,1,0.826451246173764,0.268292682926829,0.61,1,NA
2,0.05,0.05,0,0.05,4,0.974519230769231,0.995401691331924,0.929270415796529,0.142857142857143,0.26530612244898,1,0.826142380701546,0.142857142857143,0.62,1,NA
8,0.05,0.05,0,0.05,4,0.956681034482759,0.96399573257468,0.721190586338777,0.291666666666667,0.498263888888889,1,0.878025146937563,0.291666666666667,0.68,1,NA
30,0.05,0.05,0,0.05,4,0.94921875,0.988498145910937,0.888107414648382,0.542857142857143,0.791020408163265,1,0.950433052423653,0.542857142857143,0.9,1,NA
1,0.15,0.05,0,0.05,4,0.955882352941177,0.96399573257468,0.725678905757076,0.170731707317073,0.312314098750744,1,0.829318011805864,0.170731707317073,0.61,1,NA
2,0.15,0.05,0,0.05,4,0.949519230769231,0.995057960332351,0.917357239878992,0.238095238095238,0.419501133786848,1,0.826142380701546,0.238095238095238,0.62,1,NA
8,0.15,0.05,0,0.05,4,0.942456896551724,0.952369929861368,0.705504934626383,0.333333333333333,0.555555555555556,1,0.892892669044138,0.333333333333333,0.68,1,NA
30,0.15,0.05,0,0.05,4,0.9581640625,0.963482627022101,0.707927640969406,0.514285714285714,0.764081632653061,1,0.940305924538454,0.514285714285714,0.9,1,NA
1,0.5,0.05,0,0.05,4,0.926164215686274,0.938311394145388,0.681431811667983,0.268292682926829,0.464604402141582,1,0.839369292139664,0.268292682926829,0.61,1,NA
2,0.5,0.05,0,0.05,4,0.941105769230769,0.950982627022101,0.701277086501004,0.238095238095238,0.419501133786848,1,0.838035550473297,0.238095238095238,0.62,1,NA
8,0.5,0.05,0,0.05,4,0.936691810344828,0.990842754452014,0.891500049812489,0.375,0.609375,1,0.885081139150797,0.375,0.68,1,NA
30,0.5,0.05,0,0.05,4,0.9446875,0.953092291355604,0.702119164709892,0.542857142857143,0.791020408163265,1,0.953430376744281,0.542857142857143,0.9,1,NA
1,0.05,0.25,0,0.05,4,0.987377450980392,0.998809523809524,0.964403723662232,0.073170731707317,0.14098750743605,1,0.778856333217043,0.073170731707317,0.61,1,NA
2,0.05,0.25,0,0.05,4,0.948798076923077,0.988498145910937,0.887167228700659,0.238095238095238,0.419501133786848,1,0.858311040477453,0.238095238095238,0.62,1,NA
8,0.05,0.25,0,0.05,4,0.775862068965517,0.313063759990859,0.431649883205522,0.375,0.609375,1,0.857083267733378,0.375,0.68,1,NA
30,0.05,0.25,0,0.05,4,0.9746875,0.995401691331924,0.92878768076214,0.485714285714286,0.735510204081633,1,0.940054707944458,0.485714285714286,0.9,1,NA
1,0.15,0.25,0,0.05,4,0.450245098039216,0.328529259128906,-0.0983836976609616,0.219512195121951,0.390838786436645,1,0.829318011805864,0.219512195121951,0.61,1,NA
2,0.15,0.25,0,0.05,4,0.95,1,0.939690836352323,0.238095238095238,0.419501133786848,1,0.796770319370812,0.238095238095238,0.62,1,NA
8,0.15,0.25,0,0.05,4,0.956519396551724,0.963482627022101,0.717569462426615,0.291666666666667,0.498263888888889,1,0.870343686533426,0.291666666666667,0.68,1,NA
30,0.15,0.25,0,0.05,4,0.902109375,0.911270202903765,0.631392535065499,0.628571428571429,0.862040816326531,1,0.948983265034363,0.628571428571429,0.9,1,NA
1,0.5,0.25,0,0.05,4,0.470588235294118,0.427626562281838,-0.058738626510533,0.219512195121951,0.390838786436645,1,0.840657426839683,0.219512195121951,0.61,1,NA
2,0.5,0.25,0,0.05,4,0.462740384615385,0.351788789677514,-0.0768317741238369,0.238095238095238,0.419501133786848,1,0.874949044344657,0.238095238095238,0.62,1,NA
8,0.5,0.25,0,0.05,4,0.948922413793103,0.988498145910937,0.887475075095528,0.333333333333333,0.555555555555556,1,0.892892669044138,0.333333333333333,0.68,1,NA
30,0.5,0.25,0,0.05,4,0.9861328125,0.988333333333333,0.751157676577892,0.457142857142857,0.70530612244898,1,0.939300255458069,0.457142857142857,0.9,1,NA
1,0.05,0.05,0.3,0.05,4,0.535239361702128,0.783114241967169,0.149534388644627,0.1875,0.33984375,1,0.836941288583788,0.1875,0.4325,0.8,NA
2,0.05,0.05,0.3,0.05,4,1,1,0.754052412848281,0.0543891423106995,0.105820105820106,1,0.761362908951913,0.0543891423106995,0.43,0.65,NA
8,0.05,0.05,0.3,0.05,4,0.963662790697674,0.992972350230415,0.912817045461912,0.283502279168161,0.486631016042781,1,0.882890556253497,0.283502279168161,0.5,0.7,NA
30,0.05,0.05,0.3,0.05,4,0.913927482209421,0.919304750146123,0.632493215119147,0.620863541315979,0.856255545696539,1,0.948744934946259,0.620863541315979,0.6325,0.65,NA
1,0.15,0.05,0.3,0.05,4,0.776148312119535,0.29512330708339,0.420608536796357,0.0941783726843233,0.179487179487179,1,0.773836697517093,0.0941783726843233,0.4125,0.65,NA
2,0.15,0.05,0.3,0.05,4,0.905543127019637,0.980107894092568,0.836267030226868,0.392857142857143,0.631377551020408,1,0.88411182518674,0.392857142857143,0.44,0.675,NA
8,0.15,0.05,0.3,0.05,4,0.911387631975867,0.926434655372037,0.663060849487406,0.359487384779651,0.58974358974359,1,0.871881619166643,0.359487384779651,0.475,0.85,NA
30,0.15,0.05,0.3,0.05,4,1,1,0.749056722051594,0.419052498068887,0.6625,1,0.925269318784624,0.419052498068887,0.62,0.675,NA
1,0.5,0.05,0.3,0.05,4,0.907048357664234,0.92740904120498,0.675467568343607,0.333333333333333,0.555555555555556,1,0.863082364147679,0.333333333333333,0.4225,0.8,NA
2,0.5,0.05,0.3,0.05,4,0.902027027027027,0.919697983125656,0.656347952491667,0.354502775632097,0.583333333333333,1,0.841880967852344,0.354502775632097,0.445,0.75,NA
8,0.5,0.05,0.3,0.05,4,0.957310838445808,0.987874779541446,0.882891885843246,0.285258310108137,0.489144316730524,1,0.878307213536058,0.285258310108137,0.4675,0.6,NA
30,0.5,0.05,0.3,0.05,4,0.961532567049808,0.967096249854871,0.717498795901063,0.46760286250005,0.716553287981859,1,0.934242404949539,0.46760286250005,0.635,0.725,NA
1,0.05,0.25,0.3,0.05,4,0.591864969562811,0.88879012487492,0.357567828314857,0.396118915122882,0.635327635327635,1,0.834107851271578,0.396118915122882,0.4125,0.65,NA
2,0.05,0.25,0.3,0.05,4,0.800161377084454,0.33238723639146,0.473690013561846,0.214285714285714,0.38265306122449,1,0.85540858944596,0.214285714285714,0.4225,0.65,NA
8,0.05,0.25,0.3,0.05,4,0.556606060606061,0.885823211351398,0.266563083544291,0.387096774193548,0.624349635796046,1,0.868690774676744,0.387096774193548,0.475,0.625,NA
30,0.05,0.25,0.3,0.05,4,0.858904109589041,0.388581866307235,0.589014865730965,0.551382276726365,0.79874213836478,1,0.959322028397314,0.551382276726365,0.6225,0.75,NA
1,0.15,0.25,0.3,0.05,4,0.441909814323607,0.316375765517596,-0.112614709664953,0.185185185185185,0.336076817558299,1,0.821986358829495,0.185185185185185,0.4275,0.65,NA
2,0.15,0.25,0.3,0.05,4,0.902572592969944,0.985163113240036,0.84701429482385,0.418085626037354,0.661375661375661,1,0.865567234589967,0.418085626037354,0.4425,0.65,NA
8,0.15,0.25,0.3,0.05,4,0.932621951219512,0.774453510759378,0.864144593626197,0.359943103524802,0.590327169274538,1,0.903625121153619,0.359943103524802,0.485,0.75,NA
30,0.15,0.25,0.3,0.05,4,0.966374269005848,0.995766129032258,0.93230487001078,0.504739443456351,0.754716981132075,1,0.935964596744086,0.504739443456351,0.645,0.75,NA
1,0.5,0.25,0.3,0.05,4,0.97846073023378,0.982962962962963,0.76189681904053,0.107142857142857,0.20280612244898,1,0.80637094880153,0.107142857142857,0.42,0.675,NA
2,0.5,0.25,0.3,0.05,4,0.921759259259259,0.93766747461716,0.689607599974345,0.3125,0.52734375,1,0.85305390592379,0.3125,0.435,0.75,NA
8,0.5,0.25,0.3,0.05,4,1,1,0.971216974392189,0.164085992362855,0.301247771836007,1,0.843969394704301,0.164085992362855,0.475,0.7,NA
30,0.5,0.25,0.3,0.05,4,0.93125,0.937480299448385,0.663644061006309,0.604180452579812,0.843326885880077,1,0.964285758095968,0.604180452579812,0.635,0.6,NA
1,0.05,0.05,0,0,5,1,1,0.773329952663334,0.024390243902439,0.0481856038072576,1,0.730779780628857,0.024390243902439,0.61,1,NA
2,0.05,0.05,0,0,5,0.807692307692308,0.313063759990859,0.475144613015023,0.0476190476190476,0.0929705215419501,1,0.748027435488188,0.0476190476190476,0.62,1,NA
8,0.05,0.05,0,0,5,1,1,0.765641493488776,0.166666666666666,0.305555555555556,1,0.816151239430979,0.166666666666666,0.68,1,NA
30,0.05,0.05,0,0,5,1,1,1,0.428571428571429,0.673469387755102,1,0.916875421185127,0.428571428571429,0.9,1,NA
1,0.15,0.05,0,0,5,1,1,1,0.024390243902439,0.0481856038072576,1,0.730779780628857,0.024390243902439,0.61,1,NA
2,0.15,0.05,0,0,5,1,1,0.772109996149413,0.0476190476190476,0.0929705215419501,1,0.748027435488188,0.0476190476190476,0.62,1,NA
8,0.15,0.05,0,0,5,1,1,0.765641493488776,0.166666666666666,0.305555555555556,1,0.816151239430979,0.166666666666666,0.68,1,NA
30,0.15,0.05,0,0,5,1,1,1,0.428571428571429,0.673469387755102,1,0.916875421185127,0.428571428571429,0.9,1,NA
1,0.5,0.05,0,0,5,1,1,0.773329952663334,0.024390243902439,0.0481856038072576,1,0.730779780628857,0.024390243902439,0.61,1,NA
2,0.5,0.05,0,0,5,1,1,0.772109996149413,0.0476190476190476,0.0929705215419501,1,0.748027435488188,0.0476190476190476,0.62,1,NA
8,0.5,0.05,0,0,5,1,1,1,0.166666666666666,0.305555555555556,1,0.816151239430979,0.166666666666666,0.68,1,NA
30,0.5,0.05,0,0,5,1,1,0.75,0.428571428571429,0.673469387755102,1,0.916875421185127,0.428571428571429,0.9,1,NA
1,0.05,0.25,0,0,5,0.401960784313726,0.313063759990859,-0.196078431372549,0.024390243902439,0.0481856038072576,1,0.730779780628857,NA,0.61,1,NA
2,0.05,0.25,0,0,5,1,1,0.772109996149413,0.0476190476190476,0.0929705215419501,1,0.748027435488188,0.0476190476190476,0.62,1,NA
8,0.05,0.25,0,0,5,0.827586206896552,0.313063759990859,0.501627185389198,0.166666666666666,0.305555555555556,1,0.816151239430979,0.166666666666666,0.68,1,NA
30,0.05,0.25,0,0,5,0.875,0.313063759990859,0.5625,0.428571428571429,0.673469387755102,1,0.916875421185127,0.428571428571429,0.9,1,NA
1,0.15,0.25,0,0,5,0.5,1,NA,0.024390243902439,0.0481856038072576,1,0.730779780628857,NA,0.61,1,NA
2,0.15,0.25,0,0,5,1,1,1,0.0476190476190476,0.0929705215419501,1,0.748027435488188,0.0476190476190476,0.62,1,NA
8,0.15,0.25,0,0,5,1,1,0.765641493488776,0.166666666666666,0.305555555555556,1,0.816151239430979,0.166666666666666,0.68,1,NA
30,0.15,0.25,0,0,5,1,1,0.75,0.428571428571429,0.673469387755102,1,0.916875421185127,0.428571428571429,0.9,1,NA
1,0.5,0.25,0,0,5,1,1,0.773329952663334,0.024390243902439,0.0481856038072576,1,0.730779780628857,0.024390243902439,0.61,1,NA
2,0.5,0.25,0,0,5,1,1,0.772109996149413,0.0476190476190476,0.0929705215419501,1,0.748027435488188,0.0476190476190476,0.62,1,NA
8,0.5,0.25,0,0,5,1,1,0.765641493488776,0.166666666666666,0.305555555555556,1,0.816151239430979,0.166666666666666,0.68,1,NA
30,0.5,0.25,0,0,5,1,1,0.75,0.428571428571429,0.673469387755102,1,0.916875421185127,0.428571428571429,0.9,1,NA
1,0.05,0.05,0.3,0,5,1,1,0.776603981850767,0.0333333333333331,0.0655555555555555,1,0.738150762102411,0.0333333333333331,0.4475,0.725,NA
2,0.05,0.05,0.3,0,5,0.802721088435374,0.315399203844359,0.468441475874701,0.0168079197498248,0.0333333333333333,1,0.741697170051939,0.0168079197498248,0.44,0.725,NA
8,0.05,0.05,0.3,0,5,1,1,0.78764317644414,0.150605232255654,0.278528528528528,1,0.812741667879084,0.150605232255654,0.4875,0.775,NA
30,0.05,0.05,0.3,0,5,1,1,0.756550342708687,0.413392789304517,0.655891980360065,1,0.919306314046058,0.413392789304517,0.63,0.725,NA
1,0.15,0.05,0.3,0,5,1,1,1,0.0168079197498248,0.0333333333333333,0.875,0.715738277843106,0.0168079197498248,0.4225,0.725,NA
2,0.15,0.05,0.3,0,5,1,1,0.760324474345021,0.0564358048795035,0.10968660968661,1,0.753340493095499,0.0564358048795035,0.4275,0.625,NA
8,0.15,0.05,0.3,0,5,1,1,0.784758072664245,0.163339973465924,0.3,1,0.82875178739376,0.163339973465924,0.4775,0.7,NA
30,0.15,0.05,0.3,0,5,1,1,0.733857552505283,0.431263208099266,0.676538461538462,1,0.906152640854271,0.431263208099266,0.6275,0.725,NA
1,0.5,0.05,0.3,0,5,1,1,1,0.0303030303030302,0.0596877869605142,1,0.730449883641426,0.0303030303030302,0.4425,0.8,NA
2,0.5,0.05,0.3,0,5,1,1,1,0.0339082169207039,0.0666666666666667,1,0.744131155932627,0.0339082169207039,0.43,0.7,NA
8,0.5,0.05,0.3,0,5,1,1,0.75046782768078,0.151125312372835,0.279411764705882,1,0.816392464286441,0.151125312372835,0.4925,0.7,NA
30,0.5,0.05,0.3,0,5,1,1,0.728980367365116,0.425011091500054,0.669387755102041,1,0.915106388368939,0.425011091500054,0.625,0.675,NA
1,0.05,0.25,0.3,0,5,1,1,0.760324474345021,0.0194193243090798,0.0384615384615385,1,0.733554193019562,0.0194193243090798,0.4275,0.625,NA
2,0.05,0.25,0.3,0,5,0.420863309352518,0.378697486314539,-0.179723927344683,0.0624999999999998,0.12109375,1,0.751544181156336,NA,0.4225,0.75,NA
8,0.05,0.25,0.3,0,5,1,1,0.797436676660474,0.134231920661528,0.250445632798574,1,0.820077094558986,0.134231920661528,0.4675,0.725,NA
30,0.05,0.25,0.3,0,5,1,1,0.729187662583182,0.46,0.7084,1,0.914715482440357,0.46,0.6225,0.675,NA
1,0.15,0.25,0.3,0,5,1,1,1,0.0322580645161289,0.0634755463059313,1,0.741004007110099,0.0322580645161289,0.4225,0.75,NA
2,0.15,0.25,0.3,0,5,1,1,0.734804231538754,0.0384615384615384,0.0754437869822485,1,0.749111402699812,0.0384615384615384,0.4475,0.625,NA
8,0.15,0.25,0.3,0,5,1,1,0.734331917684586,0.206249206248809,0.369959677419355,1,0.822429488105121,0.206249206248809,0.4775,0.625,NA
30,0.15,0.25,0.3,0,5,0.873303167420814,0.328855348875425,0.569669188194185,0.422649730810374,0.666666666666667,1,0.912276242788268,0.422649730810374,0.6275,0.75,NA
1,0.5,0.25,0.3,0,5,0.5,1,NA,-2.22044604925031e-16,4.73316543132607e-32,0.875,0.716251729192696,NA,0.42,0.625,NA
2,0.5,0.25,0.3,0,5,1,1,0.74740931868366,0.0689655172413793,0.133174791914388,1,0.758887294909807,0.0689655172413793,0.4425,0.675,NA
8,0.5,0.25,0.3,0,5,1,1,0.755064203375787,0.206424606756292,0.370238095238095,1,0.834932869695626,0.206424606756292,0.4675,0.575,NA
30,0.5,0.25,0.3,0,5,1,1,0.746504335196361,0.422222222222222,0.666172839506173,1,0.918512532731168,0.422222222222222,0.6325,0.65,NA
1,0.05,0.05,0,0.05,5,0.948529411764706,0.986508334099335,0.877841531037159,0.219512195121951,0.390838786436645,1,0.860051066397819,0.219512195121951,0.61,1,NA
2,0.05,0.05,0,0.05,5,0.472115384615385,0.427626562281838,-0.0556915516977249,0.238095238095238,0.419501133786848,1,0.848689381848603,0.238095238095238,0.62,1,NA
8,0.05,0.05,0,0.05,5,0.531519396551724,0.857500103454863,0.15199819294502,0.291666666666667,0.498263888888889,1,0.870343686533426,0.291666666666667,0.68,1,NA
30,0.05,0.05,0,0.05,5,0.9490625,0.986508334099335,0.878403867737425,0.542857142857143,0.791020408163265,1,0.953430376744281,0.542857142857143,0.9,1,NA
1,0.15,0.05,0,0.05,5,0.437377450980392,0.323201914088038,-0.123870151784808,0.170731707317073,0.312314098750744,1,0.805540357994557,0.170731707317073,0.61,1,NA
2,0.15,0.05,0,0.05,5,0.809795673076923,0.351788789677514,0.499440054452962,0.19047619047619,0.344671201814059,1,0.863965568199204,0.19047619047619,0.62,1,NA
8,0.15,0.05,0,0.05,5,0.936153017241379,0.985449365423132,0.871099004944992,0.375,0.609375,1,0.900068139749052,0.375,0.68,1,NA
30,0.15,0.05,0,0.05,5,0.972265625,0.976509009009009,0.733569928818149,0.485714285714286,0.735510204081633,1,0.943255161738775,0.485714285714286,0.9,1,NA
1,0.5,0.05,0,0.05,5,0.949264705882353,0.992765831375091,0.906775542405941,0.219512195121951,0.390838786436645,1,0.829318011805864,0.219512195121951,0.61,1,NA
2,0.5,0.05,0,0.05,5,0.962139423076923,0.996340011614402,0.933145642440907,0.19047619047619,0.344671201814059,1,0.815771588036724,0.19047619047619,0.62,1,NA
8,0.5,0.05,0,0.05,5,0.956196120689655,0.962495890185764,0.710593672346411,0.291666666666667,0.498263888888889,1,0.852838868612409,0.291666666666667,0.68,1,NA
30,0.5,0.05,0,0.05,5,0.915859375,0.923491267141667,0.645966477914854,0.6,0.84,1,0.942262470937504,0.6,0.9,1,NA
1,0.05,0.25,0,0.05,5,0.970955882352941,0.977240296803653,0.756564922508372,0.121951219512195,0.229030339083879,1,0.843485951299437,0.121951219512195,0.61,1,NA
2,0.05,0.25,0,0.05,5,0.554086538461538,0.845624236063915,0.212709742582931,0.285714285714286,0.489795918367347,1,0.858311040477453,0.285714285714286,0.62,1,NA
8,0.05,0.25,0,0.05,5,0.469719827586207,0.416529337611659,-0.0625145772892508,0.291666666666667,0.498263888888889,1,0.891557515389528,0.291666666666667,0.68,1,NA
30,0.05,0.25,0,0.05,5,0.8512109375,0.328529259128906,0.542670084402415,0.514285714285714,0.764081632653061,1,0.940305924538454,0.514285714285714,0.9,1,NA
1,0.15,0.25,0,0.05,5,0.949019607843137,0.990581714560728,0.896743031394137,0.219512195121951,0.390838786436645,1,0.840657426839683,0.219512195121951,0.61,1,NA
2,0.15,0.25,0,0.05,5,0.911298076923077,0.924464647348209,0.656888102264639,0.333333333333333,0.555555555555556,1,0.843999288051478,0.333333333333333,0.62,1,NA
8,0.15,0.25,0,0.05,5,0.949137931034483,0.990581714560728,0.897252703759496,0.333333333333333,0.555555555555556,1,0.88577440220809,0.333333333333333,0.68,1,NA
30,0.15,0.25,0,0.05,5,0.972109375,0.975815960355434,0.725719891157404,0.485714285714286,0.735510204081633,1,0.936623349588859,0.485714285714286,0.9,1,NA
1,0.5,0.25,0,0.05,5,0.463235294117647,0.334041104354275,-0.0726739118637071,0.268292682926829,0.464604402141582,1,0.850846140145762,0.268292682926829,0.61,1,NA
2,0.5,0.25,0,0.05,5,0.49609375,0.698981327697113,-0.0162620593786509,0.0952380952380951,0.18140589569161,1,0.837792860336363,0.0952380952380951,0.62,1,NA
8,0.5,0.25,0,0.05,5,0.95635775862069,0.96298285048285,0.714038095077829,0.291666666666667,0.498263888888889,1,0.861976038299959,0.291666666666667,0.68,1,NA
30,0.5,0.25,0,0.05,5,0.916328125,0.925464171923166,0.653706413597256,0.6,0.84,1,0.949950194939886,0.6,0.9,1,NA
1,0.05,0.05,0.3,0.05,5,0.942879499217527,0.985174199041459,0.871124023526267,0.236237384174027,0.416666666666667,1,0.864528906941565,0.236237384174027,0.4225,0.675,NA
2,0.05,0.05,0.3,0.05,5,0.757246376811594,0.317161002689388,0.405855915180826,0.346802735257819,0.573333333333333,1,0.886081883179787,0.346802735257819,0.405,0.6,NA
8,0.05,0.05,0.3,0.05,5,0.943956717027358,0.956002032614936,0.72216780383546,0.350594583167336,0.578272604588394,1,0.885151246436924,0.350594583167336,0.4725,0.775,NA
30,0.05,0.05,0.3,0.05,5,0.92135989010989,0.973886838041454,0.828002270104873,0.604371715962528,0.843478260869565,1,0.956799378670231,0.604371715962528,0.625,0.65,NA
1,0.15,0.05,0.3,0.05,5,0.778933333333333,0.333454789140904,0.445303981324751,0.333205140530174,0.555384615384615,1,0.893571935446901,0.333205140530174,0.4375,0.625,NA
2,0.15,0.05,0.3,0.05,5,0.919405320813771,0.89158625781606,0.880028320384885,0.321428571428571,0.539540816326531,1,0.835161853095853,0.321428571428571,0.4225,0.675,NA
8,0.15,0.05,0.3,0.05,5,0.924731182795699,0.938314406452981,0.685576911907103,0.394736842105263,0.633656509695291,1,0.873440248541527,0.394736842105263,0.4825,0.775,NA
30,0.15,0.05,0.3,0.05,5,0.96145466733702,0.981216931216931,0.834011535303431,0.515762645386752,0.765514184397163,1,0.958048069060197,0.515762645386752,0.62,0.675,NA
1,0.5,0.05,0.3,0.05,5,0.448783783783784,0.316752839424082,-0.0991403857811905,0.16,0.2944,1,0.842649676147573,0.16,0.4325,0.625,NA
2,0.5,0.05,0.3,0.05,5,0.914152563159186,0.928133920234761,0.66618610109652,0.333230713973583,0.555418719211823,1,0.854849308744439,0.333230713973583,0.445,0.675,NA
8,0.5,0.05,0.3,0.05,5,0.981257014590348,0.997445721583653,0.947265404825164,0.242076171761459,0.425551470588235,1,0.869638321740262,0.242076171761459,0.48,0.675,NA
30,0.5,0.05,0.3,0.05,5,1,1,0.766420458351202,0.425489082481013,0.669937205651491,1,0.926249054158941,0.425489082481013,0.635,0.725,NA
1,0.05,0.25,0.3,0.05,5,0.499442586399108,0.316375765517596,-0.00102379409974651,0.471604050732522,0.720797720797721,1,0.868474072300838,0.471604050732522,0.41,0.65,NA
2,0.05,0.25,0.3,0.05,5,0.929120035110819,0.901338864663338,0.893519799169968,0.280898790597169,0.482893450635386,1,0.826753673571492,0.280898790597169,0.445,0.775,NA
8,0.05,0.25,0.3,0.05,5,0.979147465437788,0.982804232804233,0.749582675144674,0.223794135765508,0.397504456327986,1,0.875529743170947,0.223794135765508,0.4575,0.7,NA
30,0.05,0.25,0.3,0.05,5,0.793981481481482,0.308875820634365,0.453354099181497,0.659931979593197,0.884353741496599,1,0.9487299003749,0.659931979593197,0.6275,0.675,NA
1,0.15,0.25,0.3,0.05,5,0.9375,1,0.922857879993809,0.25,0.4375,1,0.793589042026469,0.25,0.445,0.8,NA
2,0.15,0.25,0.3,0.05,5,0.961857018308631,0.969703178970786,0.740822776568619,0.181818181818182,0.330578512396694,1,0.838431809320673,0.181818181818182,0.4475,0.775,NA
8,0.15,0.25,0.3,0.05,5,0.572201775276034,0.864481982491456,0.264507173268662,0.424603544431249,0.668918918918919,1,0.91114638137192,0.424603544431249,0.45,0.775,NA
30,0.15,0.25,0.3,0.05,5,0.96044202434337,0.966709760827408,0.721413173241613,0.494708847360089,0.74468085106383,1,0.939956212184331,0.494708847360089,0.6275,0.7,NA
1,0.5,0.25,0.3,0.05,5,0.766091051805338,0.324177881045026,0.422240997137768,0.333333333333333,0.555555555555555,1,0.879628151335678,0.333333333333333,0.4325,0.65,NA
2,0.5,0.25,0.3,0.05,5,0.914387031408308,0.926574595914219,0.656557619894269,0.32193649637919,0.540229885057471,1,0.834122422523668,0.32193649637919,0.4225,0.7,NA
8,0.5,0.25,0.3,0.05,5,0.934006734006734,0.939558746803151,0.658191104705324,0.363343984279626,0.594669117647059,1,0.882964419714754,0.363343984279626,0.48,0.675,NA
30,0.5,0.25,0.3,0.05,5,0.941488531752223,0.947357618183389,0.677349901089495,0.553377008506145,0.80052790346908,1,0.943128359537889,0.553377008506145,0.625,0.725,NA
