"signal","noise_sd","unique_targets","overlap_fraction","missing_fraction","sign_error","replicate_id","method","activity_spearman","activity_rmse"
0.1,0.1,5,0,0,0,1,"univariate",0.696310623822791,0.257604241517861
0.1,0.1,5,0,0,0,1,"multivariate_ols",0.696310623822791,0.134911767177607
0.1,0.1,5,0,0,0,1,"oracle_activity",1,0
0.5,0.1,5,0,0,0,1,"univariate",0.696310623822791,1.1076930255413
0.5,0.1,5,0,0,0,1,"multivariate_ols",0.696310623822791,0.10543216995284
0.5,0.1,5,0,0,0,1,"oracle_activity",1,0
0.1,0.4,5,0,0,0,1,"univariate",0.696310623822791,0.33713427455067
0.1,0.4,5,0,0,0,1,"multivariate_ols",0.609271795844942,0.602633350562903
0.1,0.4,5,0,0,0,1,"oracle_activity",1,0
0.5,0.4,5,0,0,0,1,"univariate",0.696310623822791,1.15786850624955
0.5,0.4,5,0,0,0,1,"multivariate_ols",0.696310623822791,0.412629755985074
0.5,0.4,5,0,0,0,1,"oracle_activity",1,0
0.1,0.1,30,0,0,0,1,"univariate",0.696310623822791,0.233330965921027
0.1,0.1,30,0,0,0,1,"multivariate_ols",0.696310623822791,0.0889460902144958
0.1,0.1,30,0,0,0,1,"oracle_activity",1,0
0.5,0.1,30,0,0,0,1,"univariate",0.696310623822791,0.991406736278137
0.5,0.1,30,0,0,0,1,"multivariate_ols",0.696310623822791,0.11097981223147
0.5,0.1,30,0,0,0,1,"oracle_activity",1,0
0.1,0.4,30,0,0,0,1,"univariate",0.348155311911396,0.484420022937074
0.1,0.4,30,0,0,0,1,"multivariate_ols",0.348155311911396,0.459850598813697
0.1,0.4,30,0,0,0,1,"oracle_activity",1,0
0.5,0.4,30,0,0,0,1,"univariate",0.696310623822791,0.972438029585972
0.5,0.4,30,0,0,0,1,"multivariate_ols",0.696310623822791,0.499914720496207
0.5,0.4,30,0,0,0,1,"oracle_activity",1,0
0.1,0.1,5,0.2,0,0,1,"univariate",0.700649049745371,0.270082969840114
0.1,0.1,5,0.2,0,0,1,"multivariate_ols",0.700649049745371,0.253789142389858
0.1,0.1,5,0.2,0,0,1,"oracle_activity",1,0
0.5,0.1,5,0.2,0,0,1,"univariate",0.696310623822791,0.889087947563279
0.5,0.1,5,0.2,0,0,1,"multivariate_ols",0.696310623822791,0.111003112407517
0.5,0.1,5,0.2,0,0,1,"oracle_activity",1,0
0.1,0.4,5,0.2,0,0,1,"univariate",0.683349073208448,0.240097857716856
0.1,0.4,5,0.2,0,0,1,"multivariate_ols",0.683349073208448,0.780704049028982
0.1,0.4,5,0.2,0,0,1,"oracle_activity",1,0
0.5,0.4,5,0.2,0,0,1,"univariate",0.700649049745371,1.21857052789391
0.5,0.4,5,0.2,0,0,1,"multivariate_ols",0.683349073208448,0.648559955229803
0.5,0.4,5,0.2,0,0,1,"oracle_activity",1,0
0.1,0.1,30,0.2,0,0,1,"univariate",0.696310623822791,0.195967730124778
0.1,0.1,30,0.2,0,0,1,"multivariate_ols",0.696310623822791,0.0851556411603567
0.1,0.1,30,0.2,0,0,1,"oracle_activity",1,0
0.5,0.1,30,0.2,0,0,1,"univariate",0.700649049745371,0.881661835961148
0.5,0.1,30,0.2,0,0,1,"multivariate_ols",0.700649049745371,0.0782396294430641
0.5,0.1,30,0.2,0,0,1,"oracle_activity",1,0
0.1,0.4,30,0.2,0,0,1,"univariate",0.683349073208448,0.368061838456514
0.1,0.4,30,0.2,0,0,1,"multivariate_ols",0.700649049745371,0.526376656085293
0.1,0.4,30,0.2,0,0,1,"oracle_activity",1,0
0.5,0.4,30,0.2,0,0,1,"univariate",0.700649049745371,0.954967071061617
0.5,0.4,30,0.2,0,0,1,"multivariate_ols",0.700649049745371,0.594009971167321
0.5,0.4,30,0.2,0,0,1,"oracle_activity",1,0
0.1,0.1,5,0,0.25,0,1,"univariate",0.683349073208448,0.185339595980031
0.1,0.1,5,0,0.25,0,1,"multivariate_ols",0.683349073208448,0.143800268158908
0.1,0.1,5,0,0.25,0,1,"oracle_activity",1,0
0.5,0.1,5,0,0.25,0,1,"univariate",0.700649049745371,1.010586090562
0.5,0.1,5,0,0.25,0,1,"multivariate_ols",0.683349073208448,0.628519446830961
0.5,0.1,5,0,0.25,0,1,"oracle_activity",1,0
0.1,0.4,5,0,0.25,0,1,"univariate",0.103799859221536,0.518701124814067
0.1,0.4,5,0,0.25,0,1,"multivariate_ols",0.276799624590764,0.616093059608342
0.1,0.4,5,0,0.25,0,1,"oracle_activity",1,0
0.5,0.4,5,0,0.25,0,1,"univariate",0.683349073208448,0.960468582138803
0.5,0.4,5,0,0.25,0,1,"multivariate_ols",0.683349073208448,0.623865268020163
0.5,0.4,5,0,0.25,0,1,"oracle_activity",1,0
0.1,0.1,30,0,0.25,0,1,"univariate",0.700649049745371,0.172639753513751
0.1,0.1,30,0,0.25,0,1,"multivariate_ols",0.700649049745371,0.105409638202917
0.1,0.1,30,0,0.25,0,1,"oracle_activity",1,0
0.5,0.1,30,0,0.25,0,1,"univariate",0.700649049745371,0.884406296504685
0.5,0.1,30,0,0.25,0,1,"multivariate_ols",0.683349073208448,0.742156550788434
0.5,0.1,30,0,0.25,0,1,"oracle_activity",1,0
0.1,0.4,30,0,0.25,0,1,"univariate",0.207599718443073,0.414837395198704
0.1,0.4,30,0,0.25,0,1,"multivariate_ols",0.588199202255373,0.467749966299181
0.1,0.4,30,0,0.25,0,1,"oracle_activity",1,0
0.5,0.4,30,0,0.25,0,1,"univariate",0.683349073208448,0.94977274069361
0.5,0.4,30,0,0.25,0,1,"multivariate_ols",0.683349073208448,0.973643936255413
0.5,0.4,30,0,0.25,0,1,"oracle_activity",1,0
0.1,0.1,5,0.2,0.25,0,1,"univariate",0.683349073208448,0.185191288308643
0.1,0.1,5,0.2,0.25,0,1,"multivariate_ols",0.700649049745371,0.224403970690266
0.1,0.1,5,0.2,0.25,0,1,"oracle_activity",1,0
0.5,0.1,5,0.2,0.25,0,1,"univariate",0.683349073208448,0.754856137607875
0.5,0.1,5,0.2,0.25,0,1,"multivariate_ols",0.683349073208448,0.530108586710243
0.5,0.1,5,0.2,0.25,0,1,"oracle_activity",1,0
0.1,0.4,5,0.2,0.25,0,1,"univariate",0.696310623822791,0.443780961896793
0.1,0.4,5,0.2,0.25,0,1,"multivariate_ols",0.696310623822791,0.361147521251437
0.1,0.4,5,0.2,0.25,0,1,"oracle_activity",1,0
0.5,0.4,5,0.2,0.25,0,1,"univariate",0.683349073208448,0.763300177878862
0.5,0.4,5,0.2,0.25,0,1,"multivariate_ols",0.683349073208448,0.6798649820176
0.5,0.4,5,0.2,0.25,0,1,"oracle_activity",1,0
0.1,0.1,30,0.2,0.25,0,1,"univariate",0.700649049745371,0.166619678180726
0.1,0.1,30,0.2,0.25,0,1,"multivariate_ols",0.700649049745371,0.11151978449796
0.1,0.1,30,0.2,0.25,0,1,"oracle_activity",1,0
0.5,0.1,30,0.2,0.25,0,1,"univariate",0.683349073208448,0.860604599493241
0.5,0.1,30,0.2,0.25,0,1,"multivariate_ols",0.700649049745371,0.764125791194797
0.5,0.1,30,0.2,0.25,0,1,"oracle_activity",1,0
0.1,0.4,30,0.2,0.25,0,1,"univariate",0.467099366496914,0.377644154536647
0.1,0.4,30,0.2,0.25,0,1,"multivariate_ols",0.527649284376143,0.467152913386359
0.1,0.4,30,0.2,0.25,0,1,"oracle_activity",1,0
0.5,0.4,30,0.2,0.25,0,1,"univariate",0.700649049745371,0.794574872596727
0.5,0.4,30,0.2,0.25,0,1,"multivariate_ols",0.683349073208448,0.654133670711152
0.5,0.4,30,0.2,0.25,0,1,"oracle_activity",1,0
0.1,0.1,5,0,0,0.05,1,"univariate",0.696310623822791,0.213581666274659
0.1,0.1,5,0,0,0.05,1,"multivariate_ols",0.696310623822791,0.145460763987262
0.1,0.1,5,0,0,0.05,1,"oracle_activity",1,0
0.5,0.1,5,0,0,0.05,1,"univariate",0.696310623822791,1.15938949708981
0.5,0.1,5,0,0,0.05,1,"multivariate_ols",0.696310623822791,0.686819971141329
0.5,0.1,5,0,0,0.05,1,"oracle_activity",1,0
0.1,0.4,5,0,0,0.05,1,"univariate",0.0870388279778489,0.522274220526157
0.1,0.4,5,0,0,0.05,1,"multivariate_ols",0.609271795844942,0.427779596395043
0.1,0.4,5,0,0,0.05,1,"oracle_activity",1,0
0.5,0.4,5,0,0,0.05,1,"univariate",0.696310623822791,1.09264899705239
0.5,0.4,5,0,0,0.05,1,"multivariate_ols",0.696310623822791,0.696366635009298
0.5,0.4,5,0,0,0.05,1,"oracle_activity",1,0
0.1,0.1,30,0,0,0.05,1,"univariate",0.696310623822791,0.242861291157562
0.1,0.1,30,0,0,0.05,1,"multivariate_ols",0.696310623822791,0.194928297334648
0.1,0.1,30,0,0,0.05,1,"oracle_activity",1,0
0.5,0.1,30,0,0,0.05,1,"univariate",0.696310623822791,1.12469594427086
0.5,0.1,30,0,0,0.05,1,"multivariate_ols",0.696310623822791,0.746055598993763
0.5,0.1,30,0,0,0.05,1,"oracle_activity",1,0
0.1,0.4,30,0,0,0.05,1,"univariate",0.696310623822791,0.334262662852831
0.1,0.4,30,0,0,0.05,1,"multivariate_ols",0.696310623822791,0.367762368826333
0.1,0.4,30,0,0,0.05,1,"oracle_activity",1,0
0.5,0.4,30,0,0,0.05,1,"univariate",0.696310623822791,1.24737994908129
0.5,0.4,30,0,0,0.05,1,"multivariate_ols",0.696310623822791,1.02131735100219
0.5,0.4,30,0,0,0.05,1,"oracle_activity",1,0
0.1,0.1,5,0.2,0,0.05,1,"univariate",0.683349073208448,0.249941505202207
0.1,0.1,5,0.2,0,0.05,1,"multivariate_ols",0.683349073208448,0.192099111743868
0.1,0.1,5,0.2,0,0.05,1,"oracle_activity",1,0
0.5,0.1,5,0.2,0,0.05,1,"univariate",0.700649049745371,0.981607470043158
0.5,0.1,5,0.2,0,0.05,1,"multivariate_ols",0.700649049745371,0.724991460083642
0.5,0.1,5,0.2,0,0.05,1,"oracle_activity",1,0
0.1,0.4,5,0.2,0,0.05,1,"univariate",0.348155311911396,0.410565299643765
0.1,0.4,5,0.2,0,0.05,1,"multivariate_ols",0.261116483933547,0.495292975856362
0.1,0.4,5,0.2,0,0.05,1,"oracle_activity",1,0
0.5,0.4,5,0.2,0,0.05,1,"univariate",0.700649049745371,1.14841736499414
0.5,0.4,5,0.2,0,0.05,1,"multivariate_ols",0.700649049745371,1.04897392053178
0.5,0.4,5,0.2,0,0.05,1,"oracle_activity",1,0
0.1,0.1,30,0.2,0,0.05,1,"univariate",0.683349073208448,0.180244644340874
0.1,0.1,30,0.2,0,0.05,1,"multivariate_ols",0.700649049745371,0.109381548363656
0.1,0.1,30,0.2,0,0.05,1,"oracle_activity",1,0
0.5,0.1,30,0.2,0,0.05,1,"univariate",0.683349073208448,0.958831259846379
0.5,0.1,30,0.2,0,0.05,1,"multivariate_ols",0.683349073208448,0.822840236829995
0.5,0.1,30,0.2,0,0.05,1,"oracle_activity",1,0
0.1,0.4,30,0.2,0,0.05,1,"univariate",0.683349073208448,0.344910100379553
0.1,0.4,30,0.2,0,0.05,1,"multivariate_ols",0.700649049745371,0.330764161745376
0.1,0.4,30,0.2,0,0.05,1,"oracle_activity",1,0
0.5,0.4,30,0.2,0,0.05,1,"univariate",0.700649049745371,0.902396849903114
0.5,0.4,30,0.2,0,0.05,1,"multivariate_ols",0.700649049745371,0.465074185091738
0.5,0.4,30,0.2,0,0.05,1,"oracle_activity",1,0
0.1,0.1,5,0,0.25,0.05,1,"univariate",0.700649049745371,0.273753582213609
0.1,0.1,5,0,0.25,0.05,1,"multivariate_ols",0.700649049745371,0.231599630345693
0.1,0.1,5,0,0.25,0.05,1,"oracle_activity",1,0
0.5,0.1,5,0,0.25,0.05,1,"univariate",0.683349073208448,1.09967630182132
0.5,0.1,5,0,0.25,0.05,1,"multivariate_ols",0.700649049745371,0.926168185040737
0.5,0.1,5,0,0.25,0.05,1,"oracle_activity",1,0
0.1,0.4,5,0,0.25,0.05,1,"univariate",0.588199202255373,0.317230329203432
0.1,0.4,5,0,0.25,0.05,1,"multivariate_ols",0.588199202255373,0.316769679377913
0.1,0.4,5,0,0.25,0.05,1,"oracle_activity",1,0
0.5,0.4,5,0,0.25,0.05,1,"univariate",0.683349073208448,1.12617292048033
0.5,0.4,5,0,0.25,0.05,1,"multivariate_ols",0.683349073208448,1.02163457405985
0.5,0.4,5,0,0.25,0.05,1,"oracle_activity",1,0
0.1,0.1,30,0,0.25,0.05,1,"univariate",0.696310623822791,0.254711321203319
0.1,0.1,30,0,0.25,0.05,1,"multivariate_ols",0.696310623822791,0.254997450136909
0.1,0.1,30,0,0.25,0.05,1,"oracle_activity",1,0
0.5,0.1,30,0,0.25,0.05,1,"univariate",0.700649049745371,1.14603004397947
0.5,0.1,30,0,0.25,0.05,1,"multivariate_ols",0.700649049745371,1.29479842759511
0.5,0.1,30,0,0.25,0.05,1,"oracle_activity",1,0
0.1,0.4,30,0,0.25,0.05,1,"univariate",0.467099366496914,0.52004960551312
0.1,0.4,30,0,0.25,0.05,1,"multivariate_ols",0.544949260913066,0.514277697897698
0.1,0.4,30,0,0.25,0.05,1,"oracle_activity",1,0
0.5,0.4,30,0,0.25,0.05,1,"univariate",0.700649049745371,1.0512299152633
0.5,0.4,30,0,0.25,0.05,1,"multivariate_ols",0.683349073208448,1.1327381235127
0.5,0.4,30,0,0.25,0.05,1,"oracle_activity",1,0
0.1,0.1,5,0.2,0.25,0.05,1,"univariate",0.700649049745371,0.27617542153101
0.1,0.1,5,0.2,0.25,0.05,1,"multivariate_ols",0.683349073208448,0.263356341863499
0.1,0.1,5,0.2,0.25,0.05,1,"oracle_activity",1,0
0.5,0.1,5,0.2,0.25,0.05,1,"univariate",0.700649049745371,1.08644671311574
0.5,0.1,5,0.2,0.25,0.05,1,"multivariate_ols",0.700649049745371,1.08315027713085
0.5,0.1,5,0.2,0.25,0.05,1,"oracle_activity",1,0
0.1,0.4,5,0.2,0.25,0.05,1,"univariate",0.696310623822791,0.313208163345279
0.1,0.4,5,0.2,0.25,0.05,1,"multivariate_ols",0.609271795844942,0.3236103140079
0.1,0.4,5,0.2,0.25,0.05,1,"oracle_activity",1,0
0.5,0.4,5,0.2,0.25,0.05,1,"univariate",0.700649049745371,1.1716911853308
0.5,0.4,5,0.2,0.25,0.05,1,"multivariate_ols",0.700649049745371,1.22983815906867
0.5,0.4,5,0.2,0.25,0.05,1,"oracle_activity",1,0
0.1,0.1,30,0.2,0.25,0.05,1,"univariate",0.700649049745371,0.229828558045163
0.1,0.1,30,0.2,0.25,0.05,1,"multivariate_ols",0.683349073208448,0.228736384814888
0.1,0.1,30,0.2,0.25,0.05,1,"oracle_activity",1,0
0.5,0.1,30,0.2,0.25,0.05,1,"univariate",0.683349073208448,0.987239606005728
0.5,0.1,30,0.2,0.25,0.05,1,"multivariate_ols",0.683349073208448,1.01568349367847
0.5,0.1,30,0.2,0.25,0.05,1,"oracle_activity",1,0
0.1,0.4,30,0.2,0.25,0.05,1,"univariate",0.700649049745371,0.447411540048786
0.1,0.4,30,0.2,0.25,0.05,1,"multivariate_ols",0.588199202255373,0.515376745639922
0.1,0.4,30,0.2,0.25,0.05,1,"oracle_activity",1,0
0.5,0.4,30,0.2,0.25,0.05,1,"univariate",0.696310623822791,0.844662565239418
0.5,0.4,30,0.2,0.25,0.05,1,"multivariate_ols",0.696310623822791,1.00452997912508
0.5,0.4,30,0.2,0.25,0.05,1,"oracle_activity",1,0
0.1,0.1,5,0,0,0,2,"univariate",0.696310623822791,0.200737639593493
0.1,0.1,5,0,0,0,2,"multivariate_ols",0.696310623822791,0.122379850598449
0.1,0.1,5,0,0,0,2,"oracle_activity",1,0
0.5,0.1,5,0,0,0,2,"univariate",0.696310623822791,1.11231497362675
0.5,0.1,5,0,0,0,2,"multivariate_ols",0.696310623822791,0.148974562676433
0.5,0.1,5,0,0,0,2,"oracle_activity",1,0
0.1,0.4,5,0,0,0,2,"univariate",0.696310623822791,0.324612648466111
0.1,0.4,5,0,0,0,2,"multivariate_ols",0.522232967867094,0.484681464757123
0.1,0.4,5,0,0,0,2,"oracle_activity",1,0
0.5,0.4,5,0,0,0,2,"univariate",0.696310623822791,1.31242825091485
0.5,0.4,5,0,0,0,2,"multivariate_ols",0.696310623822791,0.700132609394583
0.5,0.4,5,0,0,0,2,"oracle_activity",1,0
0.1,0.1,30,0,0,0,2,"univariate",0.696310623822791,0.209099857009589
0.1,0.1,30,0,0,0,2,"multivariate_ols",0.696310623822791,0.129526031234317
0.1,0.1,30,0,0,0,2,"oracle_activity",1,0
0.5,0.1,30,0,0,0,2,"univariate",0.696310623822791,0.98767745573005
0.5,0.1,30,0,0,0,2,"multivariate_ols",0.696310623822791,0.0964627319705362
0.5,0.1,30,0,0,0,2,"oracle_activity",1,0
0.1,0.4,30,0,0,0,2,"univariate",0.435194139889245,0.396693011357457
0.1,0.4,30,0,0,0,2,"multivariate_ols",0.696310623822791,0.358071728699913
0.1,0.4,30,0,0,0,2,"oracle_activity",1,0
0.5,0.4,30,0,0,0,2,"univariate",0.696310623822791,1.00490322264034
0.5,0.4,30,0,0,0,2,"multivariate_ols",0.696310623822791,0.236489917895723
0.5,0.4,30,0,0,0,2,"oracle_activity",1,0
0.1,0.1,5,0.2,0,0,2,"univariate",0.683349073208448,0.232668241952667
0.1,0.1,5,0.2,0,0,2,"multivariate_ols",0.700649049745371,0.11307028622306
0.1,0.1,5,0.2,0,0,2,"oracle_activity",1,0
0.5,0.1,5,0.2,0,0,2,"univariate",0.696310623822791,0.776920222293452
0.5,0.1,5,0.2,0,0,2,"multivariate_ols",0.696310623822791,0.104698183506851
0.5,0.1,5,0.2,0,0,2,"oracle_activity",1,0
0.1,0.4,5,0.2,0,0,2,"univariate",0.261116483933547,0.515326795310331
0.1,0.4,5,0.2,0,0,2,"multivariate_ols",0.174077655955698,0.631507646946997
0.1,0.4,5,0.2,0,0,2,"oracle_activity",1,0
0.5,0.4,5,0.2,0,0,2,"univariate",0.683349073208448,1.0546436253384
0.5,0.4,5,0.2,0,0,2,"multivariate_ols",0.683349073208448,0.483108424123789
0.5,0.4,5,0.2,0,0,2,"oracle_activity",1,0
0.1,0.1,30,0.2,0,0,2,"univariate",0.700649049745371,0.143686220043538
0.1,0.1,30,0.2,0,0,2,"multivariate_ols",0.700649049745371,0.102739206247895
0.1,0.1,30,0.2,0,0,2,"oracle_activity",1,0
0.5,0.1,30,0.2,0,0,2,"univariate",0.700649049745371,0.736302641551692
0.5,0.1,30,0.2,0,0,2,"multivariate_ols",0.700649049745371,0.0795564102232763
0.5,0.1,30,0.2,0,0,2,"oracle_activity",1,0
0.1,0.4,30,0.2,0,0,2,"univariate",0.683349073208448,0.451751068561775
0.1,0.4,30,0.2,0,0,2,"multivariate_ols",0.683349073208448,0.410492714725561
0.1,0.4,30,0.2,0,0,2,"oracle_activity",1,0
0.5,0.4,30,0.2,0,0,2,"univariate",0.683349073208448,0.981474972276062
0.5,0.4,30,0.2,0,0,2,"multivariate_ols",0.683349073208448,0.589883573545445
0.5,0.4,30,0.2,0,0,2,"oracle_activity",1,0
0.1,0.1,5,0,0.25,0,2,"univariate",0.683349073208448,0.163297836717607
0.1,0.1,5,0,0.25,0,2,"multivariate_ols",0.700649049745371,0.0697078998703489
0.1,0.1,5,0,0.25,0,2,"oracle_activity",1,0
0.5,0.1,5,0,0.25,0,2,"univariate",0.700649049745371,0.967504639064619
0.5,0.1,5,0,0.25,0,2,"multivariate_ols",0.683349073208448,0.647782566086344
0.5,0.1,5,0,0.25,0,2,"oracle_activity",1,0
0.1,0.4,5,0,0.25,0,2,"univariate",0.544949260913066,0.365422753277125
0.1,0.4,5,0,0.25,0,2,"multivariate_ols",0.700649049745371,0.287298291866187
0.1,0.4,5,0,0.25,0,2,"oracle_activity",1,0
0.5,0.4,5,0,0.25,0,2,"univariate",0.683349073208448,1.13327252701883
0.5,0.4,5,0,0.25,0,2,"multivariate_ols",0.683349073208448,1.03330198364756
0.5,0.4,5,0,0.25,0,2,"oracle_activity",1,0
0.1,0.1,30,0,0.25,0,2,"univariate",0.700649049745371,0.184804821075518
0.1,0.1,30,0,0.25,0,2,"multivariate_ols",0.683349073208448,0.149264480176208
0.1,0.1,30,0,0.25,0,2,"oracle_activity",1,0
0.5,0.1,30,0,0.25,0,2,"univariate",0.683349073208448,0.873500124076404
0.5,0.1,30,0,0.25,0,2,"multivariate_ols",0.683349073208448,0.788572952317093
0.5,0.1,30,0,0.25,0,2,"oracle_activity",1,0
0.1,0.4,30,0,0.25,0,2,"univariate",0.449799389959991,0.475344144636072
0.1,0.4,30,0,0.25,0,2,"multivariate_ols",0.449799389959991,0.472456729131979
0.1,0.4,30,0,0.25,0,2,"oracle_activity",1,0
0.5,0.4,30,0,0.25,0,2,"univariate",0.683349073208448,1.02455456013385
0.5,0.4,30,0,0.25,0,2,"multivariate_ols",0.700649049745371,0.887439207181183
0.5,0.4,30,0,0.25,0,2,"oracle_activity",1,0
0.1,0.1,5,0.2,0.25,0,2,"univariate",0.700649049745371,0.149167895769848
0.1,0.1,5,0.2,0.25,0,2,"multivariate_ols",0.700649049745371,0.106550260780907
0.1,0.1,5,0.2,0.25,0,2,"oracle_activity",1,0
0.5,0.1,5,0.2,0.25,0,2,"univariate",0.700649049745371,0.789364274878851
0.5,0.1,5,0.2,0.25,0,2,"multivariate_ols",0.700649049745371,0.611408581119683
0.5,0.1,5,0.2,0.25,0,2,"oracle_activity",1,0
0.1,0.4,5,0.2,0.25,0,2,"univariate",0.700649049745371,0.388397522857384
0.1,0.4,5,0.2,0.25,0,2,"multivariate_ols",0.700649049745371,0.340277765712311
0.1,0.4,5,0.2,0.25,0,2,"oracle_activity",1,0
0.5,0.4,5,0.2,0.25,0,2,"univariate",0.700649049745371,1.07282541613902
0.5,0.4,5,0.2,0.25,0,2,"multivariate_ols",0.683349073208448,0.888288058155368
0.5,0.4,5,0.2,0.25,0,2,"oracle_activity",1,0
0.1,0.1,30,0.2,0.25,0,2,"univariate",0.683349073208448,0.170365119887291
0.1,0.1,30,0.2,0.25,0,2,"multivariate_ols",0.700649049745371,0.167799390194897
0.1,0.1,30,0.2,0.25,0,2,"oracle_activity",1,0
0.5,0.1,30,0.2,0.25,0,2,"univariate",0.700649049745371,0.702517965796945
0.5,0.1,30,0.2,0.25,0,2,"multivariate_ols",0.700649049745371,0.686591405782186
0.5,0.1,30,0.2,0.25,0,2,"oracle_activity",1,0
0.1,0.4,30,0.2,0.25,0,2,"univariate",0.700649049745371,0.613383758047618
0.1,0.4,30,0.2,0.25,0,2,"multivariate_ols",0.700649049745371,0.640862519597023
0.1,0.4,30,0.2,0.25,0,2,"oracle_activity",1,0
0.5,0.4,30,0.2,0.25,0,2,"univariate",0.683349073208448,0.73771194412815
0.5,0.4,30,0.2,0.25,0,2,"multivariate_ols",0.683349073208448,0.807864512952811
0.5,0.4,30,0.2,0.25,0,2,"oracle_activity",1,0
0.1,0.1,5,0,0,0.05,2,"univariate",0.696310623822791,0.206514294111107
0.1,0.1,5,0,0,0.05,2,"multivariate_ols",0.696310623822791,0.223725649867628
0.1,0.1,5,0,0,0.05,2,"oracle_activity",1,0
0.5,0.1,5,0,0,0.05,2,"univariate",0.696310623822791,1.28077046972059
0.5,0.1,5,0,0,0.05,2,"multivariate_ols",0.696310623822791,0.802492030384866
0.5,0.1,5,0,0,0.05,2,"oracle_activity",1,0
0.1,0.4,5,0,0,0.05,2,"univariate",0.609271795844942,0.326708040126844
0.1,0.4,5,0,0,0.05,2,"multivariate_ols",0.696310623822791,0.279744211322911
0.1,0.4,5,0,0,0.05,2,"oracle_activity",1,0
0.5,0.4,5,0,0,0.05,2,"univariate",0.696310623822791,1.36014679346479
0.5,0.4,5,0,0,0.05,2,"multivariate_ols",0.696310623822791,1.18672994337263
0.5,0.4,5,0,0,0.05,2,"oracle_activity",1,0
0.1,0.1,30,0,0,0.05,2,"univariate",0.696310623822791,0.251751455378555
0.1,0.1,30,0,0,0.05,2,"multivariate_ols",0.696310623822791,0.249116517215347
0.1,0.1,30,0,0,0.05,2,"oracle_activity",1,0
0.5,0.1,30,0,0,0.05,2,"univariate",0.696310623822791,1.18148203182733
0.5,0.1,30,0,0,0.05,2,"multivariate_ols",0.696310623822791,0.96623903163028
0.5,0.1,30,0,0,0.05,2,"oracle_activity",1,0
0.1,0.4,30,0,0,0.05,2,"univariate",0.609271795844942,0.521948799547393
0.1,0.4,30,0,0,0.05,2,"multivariate_ols",0.696310623822791,0.494808644412896
0.1,0.4,30,0,0,0.05,2,"oracle_activity",1,0
0.5,0.4,30,0,0,0.05,2,"univariate",0.696310623822791,1.14739082283046
0.5,0.4,30,0,0,0.05,2,"multivariate_ols",0.696310623822791,0.777757451047878
0.5,0.4,30,0,0,0.05,2,"oracle_activity",1,0
0.1,0.1,5,0.2,0,0.05,2,"univariate",0.700649049745371,0.218657405328485
0.1,0.1,5,0.2,0,0.05,2,"multivariate_ols",0.700649049745371,0.205603407959122
0.1,0.1,5,0.2,0,0.05,2,"oracle_activity",1,0
0.5,0.1,5,0.2,0,0.05,2,"univariate",0.683349073208448,0.993430055052703
0.5,0.1,5,0.2,0,0.05,2,"multivariate_ols",0.683349073208448,0.590564290771219
0.5,0.1,5,0.2,0,0.05,2,"oracle_activity",1,0
0.1,0.4,5,0.2,0,0.05,2,"univariate",0.609271795844942,0.508952891659055
0.1,0.4,5,0.2,0,0.05,2,"multivariate_ols",0.696310623822791,0.464803503607406
0.1,0.4,5,0.2,0,0.05,2,"oracle_activity",1,0
0.5,0.4,5,0.2,0,0.05,2,"univariate",0.696310623822791,1.26510415843257
0.5,0.4,5,0.2,0,0.05,2,"multivariate_ols",0.696310623822791,0.966025292679752
0.5,0.4,5,0.2,0,0.05,2,"oracle_activity",1,0
0.1,0.1,30,0.2,0,0.05,2,"univariate",0.700649049745371,0.245435307729471
0.1,0.1,30,0.2,0,0.05,2,"multivariate_ols",0.700649049745371,0.213632868913032
0.1,0.1,30,0.2,0,0.05,2,"oracle_activity",1,0
0.5,0.1,30,0.2,0,0.05,2,"univariate",0.696310623822791,1.01005455500713
0.5,0.1,30,0.2,0,0.05,2,"multivariate_ols",0.696310623822791,0.940011844759825
0.5,0.1,30,0.2,0,0.05,2,"oracle_activity",1,0
0.1,0.4,30,0.2,0,0.05,2,"univariate",0.622799155329218,0.46808570824463
0.1,0.4,30,0.2,0,0.05,2,"multivariate_ols",0.700649049745371,0.448695746811607
0.1,0.4,30,0.2,0,0.05,2,"oracle_activity",1,0
0.5,0.4,30,0.2,0,0.05,2,"univariate",0.683349073208448,1.05865435216293
0.5,0.4,30,0.2,0,0.05,2,"multivariate_ols",0.700649049745371,0.965364106001482
0.5,0.4,30,0.2,0,0.05,2,"oracle_activity",1,0
0.1,0.1,5,0,0.25,0.05,2,"univariate",0.700649049745371,0.215173387954621
0.1,0.1,5,0,0.25,0.05,2,"multivariate_ols",0.683349073208448,0.212090591738413
0.1,0.1,5,0,0.25,0.05,2,"oracle_activity",1,0
0.5,0.1,5,0,0.25,0.05,2,"univariate",0.700649049745371,1.02435298298559
0.5,0.1,5,0,0.25,0.05,2,"multivariate_ols",0.700649049745371,0.89461108367106
0.5,0.1,5,0,0.25,0.05,2,"oracle_activity",1,0
0.1,0.4,5,0,0.25,0.05,2,"univariate",0.389249472080762,0.468247961175163
0.1,0.4,5,0,0.25,0.05,2,"multivariate_ols",0.544949260913066,0.456726936090958
0.1,0.4,5,0,0.25,0.05,2,"oracle_activity",1,0
0.5,0.4,5,0,0.25,0.05,2,"univariate",0.696310623822791,1.13271997719956
0.5,0.4,5,0,0.25,0.05,2,"multivariate_ols",0.696310623822791,0.97536754994061
0.5,0.4,5,0,0.25,0.05,2,"oracle_activity",1,0
0.1,0.1,30,0,0.25,0.05,2,"univariate",0.696310623822791,0.180371982371338
0.1,0.1,30,0,0.25,0.05,2,"multivariate_ols",0.696310623822791,0.192996232727529
0.1,0.1,30,0,0.25,0.05,2,"oracle_activity",1,0
0.5,0.1,30,0,0.25,0.05,2,"univariate",0.683349073208448,1.02427953900431
0.5,0.1,30,0,0.25,0.05,2,"multivariate_ols",0.700649049745371,0.989639079604509
0.5,0.1,30,0,0.25,0.05,2,"oracle_activity",1,0
0.1,0.4,30,0,0.25,0.05,2,"univariate",0.435194139889245,0.404613843489213
0.1,0.4,30,0,0.25,0.05,2,"multivariate_ols",0.435194139889245,0.369402231750979
0.1,0.4,30,0,0.25,0.05,2,"oracle_activity",1,0
0.5,0.4,30,0,0.25,0.05,2,"univariate",0.700649049745371,1.05970801941026
0.5,0.4,30,0,0.25,0.05,2,"multivariate_ols",0.683349073208448,1.14916544406415
0.5,0.4,30,0,0.25,0.05,2,"oracle_activity",1,0
0.1,0.1,5,0.2,0.25,0.05,2,"univariate",0.683349073208448,0.147210493078258
0.1,0.1,5,0.2,0.25,0.05,2,"multivariate_ols",0.700649049745371,0.161140670079028
0.1,0.1,5,0.2,0.25,0.05,2,"oracle_activity",1,0
0.5,0.1,5,0.2,0.25,0.05,2,"univariate",0.700649049745371,1.04126302831145
0.5,0.1,5,0.2,0.25,0.05,2,"multivariate_ols",0.700649049745371,1.02568893383299
0.5,0.1,5,0.2,0.25,0.05,2,"oracle_activity",1,0
0.1,0.4,5,0.2,0.25,0.05,2,"univariate",0.449799389959991,0.663115357849001
0.1,0.4,5,0.2,0.25,0.05,2,"multivariate_ols",0.354649519006916,0.492224547048989
0.1,0.4,5,0.2,0.25,0.05,2,"oracle_activity",1,0
0.5,0.4,5,0.2,0.25,0.05,2,"univariate",0.700649049745371,1.02717343710977
0.5,0.4,5,0.2,0.25,0.05,2,"multivariate_ols",0.700649049745371,0.897158666314311
0.5,0.4,5,0.2,0.25,0.05,2,"oracle_activity",1,0
0.1,0.1,30,0.2,0.25,0.05,2,"univariate",0.700649049745371,0.247778582243444
0.1,0.1,30,0.2,0.25,0.05,2,"multivariate_ols",0.700649049745371,0.286526866647447
0.1,0.1,30,0.2,0.25,0.05,2,"oracle_activity",1,0
0.5,0.1,30,0.2,0.25,0.05,2,"univariate",0.700649049745371,1.05512262226572
0.5,0.1,30,0.2,0.25,0.05,2,"multivariate_ols",0.700649049745371,1.23321741630668
0.5,0.1,30,0.2,0.25,0.05,2,"oracle_activity",1,0
0.1,0.4,30,0.2,0.25,0.05,2,"univariate",0.493049331302298,0.471524497353039
0.1,0.4,30,0.2,0.25,0.05,2,"multivariate_ols",0.493049331302298,0.553995964805184
0.1,0.4,30,0.2,0.25,0.05,2,"oracle_activity",1,0
0.5,0.4,30,0.2,0.25,0.05,2,"univariate",0.700649049745371,1.09439134444635
0.5,0.4,30,0.2,0.25,0.05,2,"multivariate_ols",0.700649049745371,1.08897114799749
0.5,0.4,30,0.2,0.25,0.05,2,"oracle_activity",1,0
0.1,0.1,5,0,0,0,3,"univariate",0.696310623822791,0.208971858435101
0.1,0.1,5,0,0,0,3,"multivariate_ols",0.696310623822791,0.161005203596007
0.1,0.1,5,0,0,0,3,"oracle_activity",1,0
0.5,0.1,5,0,0,0,3,"univariate",0.696310623822791,1.10284778389688
0.5,0.1,5,0,0,0,3,"multivariate_ols",0.696310623822791,0.14176480882197
0.5,0.1,5,0,0,0,3,"oracle_activity",1,0
0.1,0.4,5,0,0,0,3,"univariate",0.522232967867094,0.386832648771672
0.1,0.4,5,0,0,0,3,"multivariate_ols",0.435194139889245,0.653058360515706
0.1,0.4,5,0,0,0,3,"oracle_activity",1,0
0.5,0.4,5,0,0,0,3,"univariate",0.696310623822791,0.907499965079431
0.5,0.4,5,0,0,0,3,"multivariate_ols",0.696310623822791,0.959536921744076
0.5,0.4,5,0,0,0,3,"oracle_activity",1,0
0.1,0.1,30,0,0,0,3,"univariate",0.696310623822791,0.200763388934554
0.1,0.1,30,0,0,0,3,"multivariate_ols",0.696310623822791,0.111085932836343
0.1,0.1,30,0,0,0,3,"oracle_activity",1,0
0.5,0.1,30,0,0,0,3,"univariate",0.696310623822791,0.993036420628193
0.5,0.1,30,0,0,0,3,"multivariate_ols",0.696310623822791,0.0712570272567427
0.5,0.1,30,0,0,0,3,"oracle_activity",1,0
0.1,0.4,30,0,0,0,3,"univariate",0.522232967867094,0.438791217654245
0.1,0.4,30,0,0,0,3,"multivariate_ols",0.522232967867094,0.465528493506522
0.1,0.4,30,0,0,0,3,"oracle_activity",1,0
0.5,0.4,30,0,0,0,3,"univariate",0.696310623822791,1.09247241519326
0.5,0.4,30,0,0,0,3,"multivariate_ols",0.696310623822791,0.649355549147468
0.5,0.4,30,0,0,0,3,"oracle_activity",1,0
0.1,0.1,5,0.2,0,0,3,"univariate",0.696310623822791,0.124768852180818
0.1,0.1,5,0.2,0,0,3,"multivariate_ols",0.696310623822791,0.117545978275225
0.1,0.1,5,0.2,0,0,3,"oracle_activity",1,0
0.5,0.1,5,0.2,0,0,3,"univariate",0.683349073208448,0.710331503323008
0.5,0.1,5,0.2,0,0,3,"multivariate_ols",0.683349073208448,0.093920691272033
0.5,0.1,5,0.2,0,0,3,"oracle_activity",1,0
0.1,0.4,5,0.2,0,0,3,"univariate",0.522232967867094,0.527341057670523
0.1,0.4,5,0.2,0,0,3,"multivariate_ols",0.435194139889245,0.544777780923328
0.1,0.4,5,0.2,0,0,3,"oracle_activity",1,0
0.5,0.4,5,0.2,0,0,3,"univariate",0.696310623822791,1.04226265245828
0.5,0.4,5,0.2,0,0,3,"multivariate_ols",0.696310623822791,0.414105785348187
0.5,0.4,5,0.2,0,0,3,"oracle_activity",1,0
0.1,0.1,30,0.2,0,0,3,"univariate",0.696310623822791,0.185291154495018
0.1,0.1,30,0.2,0,0,3,"multivariate_ols",0.696310623822791,0.0713336681102785
0.1,0.1,30,0.2,0,0,3,"oracle_activity",1,0
0.5,0.1,30,0.2,0,0,3,"univariate",0.683349073208448,0.731482711841518
0.5,0.1,30,0.2,0,0,3,"multivariate_ols",0.683349073208448,0.100608317217983
0.5,0.1,30,0.2,0,0,3,"oracle_activity",1,0
0.1,0.4,30,0.2,0,0,3,"univariate",0.700649049745371,0.290525432237537
0.1,0.4,30,0.2,0,0,3,"multivariate_ols",0.683349073208448,0.363102924230722
0.1,0.4,30,0.2,0,0,3,"oracle_activity",1,0
0.5,0.4,30,0.2,0,0,3,"univariate",0.696310623822791,0.808689800119899
0.5,0.4,30,0.2,0,0,3,"multivariate_ols",0.696310623822791,0.381479830251257
0.5,0.4,30,0.2,0,0,3,"oracle_activity",1,0
0.1,0.1,5,0,0.25,0,3,"univariate",0.700649049745371,0.220010830623872
0.1,0.1,5,0,0.25,0,3,"multivariate_ols",0.700649049745371,0.144054661199861
0.1,0.1,5,0,0.25,0,3,"oracle_activity",1,0
0.5,0.1,5,0,0.25,0,3,"univariate",0.683349073208448,1.00362105883274
0.5,0.1,5,0,0.25,0,3,"multivariate_ols",0.683349073208448,0.601139046670484
0.5,0.1,5,0,0.25,0,3,"oracle_activity",1,0
0.1,0.4,5,0,0.25,0,3,"univariate",0.371949495543839,0.505348534674818
0.1,0.4,5,0,0.25,0,3,"multivariate_ols",0.544949260913066,0.367188228431504
0.1,0.4,5,0,0.25,0,3,"oracle_activity",1,0
0.5,0.4,5,0,0.25,0,3,"univariate",0.700649049745371,1.08216399502457
0.5,0.4,5,0,0.25,0,3,"multivariate_ols",0.700649049745371,0.617515450881173
0.5,0.4,5,0,0.25,0,3,"oracle_activity",1,0
0.1,0.1,30,0,0.25,0,3,"univariate",0.700649049745371,0.197505814520337
0.1,0.1,30,0,0.25,0,3,"multivariate_ols",0.700649049745371,0.166240038077755
0.1,0.1,30,0,0.25,0,3,"oracle_activity",1,0
0.5,0.1,30,0,0.25,0,3,"univariate",0.700649049745371,0.853191495082991
0.5,0.1,30,0,0.25,0,3,"multivariate_ols",0.700649049745371,0.720699361993768
0.5,0.1,30,0,0.25,0,3,"oracle_activity",1,0
0.1,0.4,30,0,0.25,0,3,"univariate",0.397899460349223,0.430544774258035
0.1,0.4,30,0,0.25,0,3,"multivariate_ols",0.683349073208448,0.341656451609116
0.1,0.4,30,0,0.25,0,3,"oracle_activity",1,0
0.5,0.4,30,0,0.25,0,3,"univariate",0.683349073208448,1.09281671522613
0.5,0.4,30,0,0.25,0,3,"multivariate_ols",0.683349073208448,0.92156947115709
0.5,0.4,30,0,0.25,0,3,"oracle_activity",1,0
0.1,0.1,5,0.2,0.25,0,3,"univariate",0.700649049745371,0.164657244806029
0.1,0.1,5,0.2,0.25,0,3,"multivariate_ols",0.700649049745371,0.16010142762435
0.1,0.1,5,0.2,0.25,0,3,"oracle_activity",1,0
0.5,0.1,5,0.2,0.25,0,3,"univariate",0.683349073208448,0.701340801399785
0.5,0.1,5,0.2,0.25,0,3,"multivariate_ols",0.683349073208448,0.544159074924371
0.5,0.1,5,0.2,0.25,0,3,"oracle_activity",1,0
0.1,0.4,5,0.2,0.25,0,3,"univariate",0.544949260913066,0.411014870017641
0.1,0.4,5,0.2,0.25,0,3,"multivariate_ols",0.700649049745371,0.346789714653148
0.1,0.4,5,0.2,0.25,0,3,"oracle_activity",1,0
0.5,0.4,5,0.2,0.25,0,3,"univariate",0.700649049745371,1.13305493873063
0.5,0.4,5,0.2,0.25,0,3,"multivariate_ols",0.700649049745371,0.741307704887148
0.5,0.4,5,0.2,0.25,0,3,"oracle_activity",1,0
0.1,0.1,30,0.2,0.25,0,3,"univariate",0.683349073208448,0.143054814363744
0.1,0.1,30,0.2,0.25,0,3,"multivariate_ols",0.683349073208448,0.172142513788588
0.1,0.1,30,0.2,0.25,0,3,"oracle_activity",1,0
0.5,0.1,30,0.2,0.25,0,3,"univariate",0.700649049745371,0.749254787305228
0.5,0.1,30,0.2,0.25,0,3,"multivariate_ols",0.700649049745371,0.717183981146764
0.5,0.1,30,0.2,0.25,0,3,"oracle_activity",1,0
0.1,0.4,30,0.2,0.25,0,3,"univariate",0.700649049745371,0.432029990139671
0.1,0.4,30,0.2,0.25,0,3,"multivariate_ols",0.700649049745371,0.419665923114696
0.1,0.4,30,0.2,0.25,0,3,"oracle_activity",1,0
0.5,0.4,30,0.2,0.25,0,3,"univariate",0.700649049745371,0.904188890139115
0.5,0.4,30,0.2,0.25,0,3,"multivariate_ols",0.700649049745371,0.793882937574233
0.5,0.4,30,0.2,0.25,0,3,"oracle_activity",1,0
0.1,0.1,5,0,0,0.05,3,"univariate",0.696310623822791,0.209141720640067
0.1,0.1,5,0,0,0.05,3,"multivariate_ols",0.696310623822791,0.124803274878744
0.1,0.1,5,0,0,0.05,3,"oracle_activity",1,0
0.5,0.1,5,0,0,0.05,3,"univariate",0.696310623822791,1.13087363262598
0.5,0.1,5,0,0,0.05,3,"multivariate_ols",0.696310623822791,0.47322892208076
0.5,0.1,5,0,0,0.05,3,"oracle_activity",1,0
0.1,0.4,5,0,0,0.05,3,"univariate",0.348155311911396,0.491352154131911
0.1,0.4,5,0,0,0.05,3,"multivariate_ols",0.174077655955698,0.779846830134754
0.1,0.4,5,0,0,0.05,3,"oracle_activity",1,0
0.5,0.4,5,0,0,0.05,3,"univariate",0.696310623822791,1.25995722188296
0.5,0.4,5,0,0,0.05,3,"multivariate_ols",0.696310623822791,0.802181020677338
0.5,0.4,5,0,0,0.05,3,"oracle_activity",1,0
0.1,0.1,30,0,0,0.05,3,"univariate",0.696310623822791,0.245436013310232
0.1,0.1,30,0,0,0.05,3,"multivariate_ols",0.696310623822791,0.173927877998691
0.1,0.1,30,0,0,0.05,3,"oracle_activity",1,0
0.5,0.1,30,0,0,0.05,3,"univariate",0.696310623822791,1.14539539579362
0.5,0.1,30,0,0,0.05,3,"multivariate_ols",0.696310623822791,0.846089713118518
0.5,0.1,30,0,0,0.05,3,"oracle_activity",1,0
0.1,0.4,30,0,0,0.05,3,"univariate",0.174077655955698,0.577682238267009
0.1,0.4,30,0,0,0.05,3,"multivariate_ols",0.0870388279778489,0.648751125753508
0.1,0.4,30,0,0,0.05,3,"oracle_activity",1,0
0.5,0.4,30,0,0,0.05,3,"univariate",0.696310623822791,1.12081039133297
0.5,0.4,30,0,0,0.05,3,"multivariate_ols",0.696310623822791,0.777933514411404
0.5,0.4,30,0,0,0.05,3,"oracle_activity",1,0
0.1,0.1,5,0.2,0,0.05,3,"univariate",0.700649049745371,0.267248561001419
0.1,0.1,5,0.2,0,0.05,3,"multivariate_ols",0.700649049745371,0.166641450945996
0.1,0.1,5,0.2,0,0.05,3,"oracle_activity",1,0
0.5,0.1,5,0.2,0,0.05,3,"univariate",0.683349073208448,1.09595848376532
0.5,0.1,5,0.2,0,0.05,3,"multivariate_ols",0.683349073208448,0.853954362262861
0.5,0.1,5,0.2,0,0.05,3,"oracle_activity",1,0
0.1,0.4,5,0.2,0,0.05,3,"univariate",0.696310623822791,0.337091167713152
0.1,0.4,5,0.2,0,0.05,3,"multivariate_ols",0.696310623822791,0.347411032567768
0.1,0.4,5,0.2,0,0.05,3,"oracle_activity",1,0
0.5,0.4,5,0.2,0,0.05,3,"univariate",0.700649049745371,1.31359251349806
0.5,0.4,5,0.2,0,0.05,3,"multivariate_ols",0.700649049745371,0.922867348414679
0.5,0.4,5,0.2,0,0.05,3,"oracle_activity",1,0
0.1,0.1,30,0.2,0,0.05,3,"univariate",0.700649049745371,0.177430682141661
0.1,0.1,30,0.2,0,0.05,3,"multivariate_ols",0.700649049745371,0.190406703080269
0.1,0.1,30,0.2,0,0.05,3,"oracle_activity",1,0
0.5,0.1,30,0.2,0,0.05,3,"univariate",0.683349073208448,0.934584591350903
0.5,0.1,30,0.2,0,0.05,3,"multivariate_ols",0.700649049745371,0.890696509447462
0.5,0.1,30,0.2,0,0.05,3,"oracle_activity",1,0
0.1,0.4,30,0.2,0,0.05,3,"univariate",0.683349073208448,0.404174708878803
0.1,0.4,30,0.2,0,0.05,3,"multivariate_ols",0.683349073208448,0.419109114652953
0.1,0.4,30,0.2,0,0.05,3,"oracle_activity",1,0
0.5,0.4,30,0.2,0,0.05,3,"univariate",0.700649049745371,1.15750702856356
0.5,0.4,30,0.2,0,0.05,3,"multivariate_ols",0.700649049745371,1.05505688556741
0.5,0.4,30,0.2,0,0.05,3,"oracle_activity",1,0
0.1,0.1,5,0,0.25,0.05,3,"univariate",0.683349073208448,0.217378376924177
0.1,0.1,5,0,0.25,0.05,3,"multivariate_ols",0.700649049745371,0.204582637146458
0.1,0.1,5,0,0.25,0.05,3,"oracle_activity",1,0
0.5,0.1,5,0,0.25,0.05,3,"univariate",0.700649049745371,1.15992378526995
0.5,0.1,5,0,0.25,0.05,3,"multivariate_ols",0.700649049745371,0.991857689732344
0.5,0.1,5,0,0.25,0.05,3,"oracle_activity",1,0
0.1,0.4,5,0,0.25,0.05,3,"univariate",0.588199202255373,0.297384957136399
0.1,0.4,5,0,0.25,0.05,3,"multivariate_ols",0.683349073208448,0.26370261421638
0.1,0.4,5,0,0.25,0.05,3,"oracle_activity",1,0
0.5,0.4,5,0,0.25,0.05,3,"univariate",0.696310623822791,1.15240898794007
0.5,0.4,5,0,0.25,0.05,3,"multivariate_ols",0.696310623822791,0.905413162896989
0.5,0.4,5,0,0.25,0.05,3,"oracle_activity",1,0
0.1,0.1,30,0,0.25,0.05,3,"univariate",0.683349073208448,0.225136483394895
0.1,0.1,30,0,0.25,0.05,3,"multivariate_ols",0.683349073208448,0.219429779094123
0.1,0.1,30,0,0.25,0.05,3,"oracle_activity",1,0
0.5,0.1,30,0,0.25,0.05,3,"univariate",0.700649049745371,0.996398666518662
0.5,0.1,30,0,0.25,0.05,3,"multivariate_ols",0.700649049745371,1.13827716791273
0.5,0.1,30,0,0.25,0.05,3,"oracle_activity",1,0
0.1,0.4,30,0,0.25,0.05,3,"univariate",0.588199202255373,0.403422064362039
0.1,0.4,30,0,0.25,0.05,3,"multivariate_ols",0.683349073208448,0.399862151911767
0.1,0.4,30,0,0.25,0.05,3,"oracle_activity",1,0
0.5,0.4,30,0,0.25,0.05,3,"univariate",0.683349073208448,1.03733409243784
0.5,0.4,30,0,0.25,0.05,3,"multivariate_ols",0.683349073208448,1.1235693005092
0.5,0.4,30,0,0.25,0.05,3,"oracle_activity",1,0
0.1,0.1,5,0.2,0.25,0.05,3,"univariate",0.700649049745371,0.201626850297633
0.1,0.1,5,0.2,0.25,0.05,3,"multivariate_ols",0.700649049745371,0.190655245160398
0.1,0.1,5,0.2,0.25,0.05,3,"oracle_activity",1,0
0.5,0.1,5,0.2,0.25,0.05,3,"univariate",0.700649049745371,0.727206114121029
0.5,0.1,5,0.2,0.25,0.05,3,"multivariate_ols",0.700649049745371,0.740355957079691
0.5,0.1,5,0.2,0.25,0.05,3,"oracle_activity",1,0
0.1,0.4,5,0.2,0.25,0.05,3,"univariate",0.622799155329218,0.433323691031913
0.1,0.4,5,0.2,0.25,0.05,3,"multivariate_ols",0.138399812295382,0.586932369765628
0.1,0.4,5,0.2,0.25,0.05,3,"oracle_activity",1,0
0.5,0.4,5,0.2,0.25,0.05,3,"univariate",0.683349073208448,1.19831568778342
0.5,0.4,5,0.2,0.25,0.05,3,"multivariate_ols",0.700649049745371,1.11861799124818
0.5,0.4,5,0.2,0.25,0.05,3,"oracle_activity",1,0
0.1,0.1,30,0.2,0.25,0.05,3,"univariate",0.683349073208448,0.20719361808536
0.1,0.1,30,0.2,0.25,0.05,3,"multivariate_ols",0.683349073208448,0.253440886810289
0.1,0.1,30,0.2,0.25,0.05,3,"oracle_activity",1,0
0.5,0.1,30,0.2,0.25,0.05,3,"univariate",0.683349073208448,0.793996291727513
0.5,0.1,30,0.2,0.25,0.05,3,"multivariate_ols",0.683349073208448,0.931296278950046
0.5,0.1,30,0.2,0.25,0.05,3,"oracle_activity",1,0
0.1,0.4,30,0.2,0.25,0.05,3,"univariate",0.700649049745371,0.3026484252182
0.1,0.4,30,0.2,0.25,0.05,3,"multivariate_ols",0.700649049745371,0.295965433514288
0.1,0.4,30,0.2,0.25,0.05,3,"oracle_activity",1,0
0.5,0.4,30,0.2,0.25,0.05,3,"univariate",0.700649049745371,1.0433601589533
0.5,0.4,30,0.2,0.25,0.05,3,"multivariate_ols",0.700649049745371,1.1001668235805
0.5,0.4,30,0.2,0.25,0.05,3,"oracle_activity",1,0
0.1,0.1,5,0,0,0,4,"univariate",0.696310623822791,0.225795550029884
0.1,0.1,5,0,0,0,4,"multivariate_ols",0.696310623822791,0.111796464951181
0.1,0.1,5,0,0,0,4,"oracle_activity",1,0
0.5,0.1,5,0,0,0,4,"univariate",0.696310623822791,1.11055069383723
0.5,0.1,5,0,0,0,4,"multivariate_ols",0.696310623822791,0.144653981351695
0.5,0.1,5,0,0,0,4,"oracle_activity",1,0
0.1,0.4,5,0,0,0,4,"univariate",0.0870388279778489,0.612638751666047
0.1,0.4,5,0,0,0,4,"multivariate_ols",0.609271795844942,0.543465114064901
0.1,0.4,5,0,0,0,4,"oracle_activity",1,0
0.5,0.4,5,0,0,0,4,"univariate",0.696310623822791,1.03934731533461
0.5,0.4,5,0,0,0,4,"multivariate_ols",0.696310623822791,0.420004784624569
0.5,0.4,5,0,0,0,4,"oracle_activity",1,0
0.1,0.1,30,0,0,0,4,"univariate",0.696310623822791,0.194691398684154
0.1,0.1,30,0,0,0,4,"multivariate_ols",0.696310623822791,0.119853863445
0.1,0.1,30,0,0,0,4,"oracle_activity",1,0
0.5,0.1,30,0,0,0,4,"univariate",0.696310623822791,1.02133682295002
0.5,0.1,30,0,0,0,4,"multivariate_ols",0.696310623822791,0.100204872280887
0.5,0.1,30,0,0,0,4,"oracle_activity",1,0
0.1,0.4,30,0,0,0,4,"univariate",0.696310623822791,0.474251337069068
0.1,0.4,30,0,0,0,4,"multivariate_ols",0.696310623822791,0.445373167511458
0.1,0.4,30,0,0,0,4,"oracle_activity",1,0
0.5,0.4,30,0,0,0,4,"univariate",0.696310623822791,0.937610618387019
0.5,0.4,30,0,0,0,4,"multivariate_ols",0.696310623822791,0.465282805841251
0.5,0.4,30,0,0,0,4,"oracle_activity",1,0
0.1,0.1,5,0.2,0,0,4,"univariate",0.700649049745371,0.182786795633532
0.1,0.1,5,0.2,0,0,4,"multivariate_ols",0.683349073208448,0.103388981656235
0.1,0.1,5,0.2,0,0,4,"oracle_activity",1,0
0.5,0.1,5,0.2,0,0,4,"univariate",0.683349073208448,1.00289376277291
0.5,0.1,5,0.2,0,0,4,"multivariate_ols",0.683349073208448,0.178102206520716
0.5,0.1,5,0.2,0,0,4,"oracle_activity",1,0
0.1,0.4,5,0.2,0,0,4,"univariate",0.696310623822791,0.380048686685886
0.1,0.4,5,0.2,0,0,4,"multivariate_ols",0.696310623822791,0.66719951968391
0.1,0.4,5,0.2,0,0,4,"oracle_activity",1,0
0.5,0.4,5,0.2,0,0,4,"univariate",0.700649049745371,0.907401530982736
0.5,0.4,5,0.2,0,0,4,"multivariate_ols",0.683349073208448,0.316541589909305
0.5,0.4,5,0.2,0,0,4,"oracle_activity",1,0
0.1,0.1,30,0.2,0,0,4,"univariate",0.700649049745371,0.200110829259091
0.1,0.1,30,0.2,0,0,4,"multivariate_ols",0.700649049745371,0.115565792623677
0.1,0.1,30,0.2,0,0,4,"oracle_activity",1,0
0.5,0.1,30,0.2,0,0,4,"univariate",0.683349073208448,0.811357882353683
0.5,0.1,30,0.2,0,0,4,"multivariate_ols",0.683349073208448,0.111036514254549
0.5,0.1,30,0.2,0,0,4,"oracle_activity",1,0
0.1,0.4,30,0.2,0,0,4,"univariate",0.700649049745371,0.316191268861424
0.1,0.4,30,0.2,0,0,4,"multivariate_ols",0.700649049745371,0.362331740681005
0.1,0.4,30,0.2,0,0,4,"oracle_activity",1,0
0.5,0.4,30,0.2,0,0,4,"univariate",0.696310623822791,0.77176990810183
0.5,0.4,30,0.2,0,0,4,"multivariate_ols",0.696310623822791,0.694442165042986
0.5,0.4,30,0.2,0,0,4,"oracle_activity",1,0
0.1,0.1,5,0,0.25,0,4,"univariate",0.700649049745371,0.255547511610678
0.1,0.1,5,0,0.25,0,4,"multivariate_ols",0.700649049745371,0.224220564415029
0.1,0.1,5,0,0.25,0,4,"oracle_activity",1,0
0.5,0.1,5,0,0.25,0,4,"univariate",0.700649049745371,0.97609648760649
0.5,0.1,5,0,0.25,0,4,"multivariate_ols",0.700649049745371,0.632021205025271
0.5,0.1,5,0,0.25,0,4,"oracle_activity",1,0
0.1,0.4,5,0,0.25,0,4,"univariate",0.683349073208448,0.287950188790814
0.1,0.4,5,0,0.25,0,4,"multivariate_ols",0.683349073208448,0.377508460681452
0.1,0.4,5,0,0.25,0,4,"oracle_activity",1,0
0.5,0.4,5,0,0.25,0,4,"univariate",0.700649049745371,1.0634886058728
0.5,0.4,5,0,0.25,0,4,"multivariate_ols",0.700649049745371,0.779045457381127
0.5,0.4,5,0,0.25,0,4,"oracle_activity",1,0
0.1,0.1,30,0,0.25,0,4,"univariate",0.700649049745371,0.184825824713443
0.1,0.1,30,0,0.25,0,4,"multivariate_ols",0.700649049745371,0.134481714275344
0.1,0.1,30,0,0.25,0,4,"oracle_activity",1,0
0.5,0.1,30,0,0.25,0,4,"univariate",0.700649049745371,0.84500444136461
0.5,0.1,30,0,0.25,0,4,"multivariate_ols",0.683349073208448,0.783779565299125
0.5,0.1,30,0,0.25,0,4,"oracle_activity",1,0
0.1,0.4,30,0,0.25,0,4,"univariate",0.415199436886146,0.582824676150486
0.1,0.4,30,0,0.25,0,4,"multivariate_ols",0.415199436886146,0.585971887977922
0.1,0.4,30,0,0.25,0,4,"oracle_activity",1,0
0.5,0.4,30,0,0.25,0,4,"univariate",0.700649049745371,1.00016504266504
0.5,0.4,30,0,0.25,0,4,"multivariate_ols",0.700649049745371,0.99497769134674
0.5,0.4,30,0,0.25,0,4,"oracle_activity",1,0
0.1,0.1,5,0.2,0.25,0,4,"univariate",0.700649049745371,0.195871156616751
0.1,0.1,5,0.2,0.25,0,4,"multivariate_ols",0.700649049745371,0.169114069255136
0.1,0.1,5,0.2,0.25,0,4,"oracle_activity",1,0
0.5,0.1,5,0.2,0.25,0,4,"univariate",0.683349073208448,0.885754317216856
0.5,0.1,5,0.2,0.25,0,4,"multivariate_ols",0.700649049745371,0.56900467741532
0.5,0.1,5,0.2,0.25,0,4,"oracle_activity",1,0
0.1,0.4,5,0.2,0.25,0,4,"univariate",0.588199202255373,0.427531916214635
0.1,0.4,5,0.2,0.25,0,4,"multivariate_ols",0.683349073208448,0.489925129395245
0.1,0.4,5,0.2,0.25,0,4,"oracle_activity",1,0
0.5,0.4,5,0.2,0.25,0,4,"univariate",0.700649049745371,0.666124207229852
0.5,0.4,5,0.2,0.25,0,4,"multivariate_ols",0.700649049745371,0.368029562490903
0.5,0.4,5,0.2,0.25,0,4,"oracle_activity",1,0
0.1,0.1,30,0.2,0.25,0,4,"univariate",0.700649049745371,0.161362252159471
0.1,0.1,30,0.2,0.25,0,4,"multivariate_ols",0.700649049745371,0.154801270121107
0.1,0.1,30,0.2,0.25,0,4,"oracle_activity",1,0
0.5,0.1,30,0.2,0.25,0,4,"univariate",0.700649049745371,0.905590152110865
0.5,0.1,30,0.2,0.25,0,4,"multivariate_ols",0.700649049745371,0.747692328063381
0.5,0.1,30,0.2,0.25,0,4,"oracle_activity",1,0
0.1,0.4,30,0.2,0.25,0,4,"univariate",0.683349073208448,0.413009901912444
0.1,0.4,30,0.2,0.25,0,4,"multivariate_ols",0.700649049745371,0.379277698651483
0.1,0.4,30,0.2,0.25,0,4,"oracle_activity",1,0
0.5,0.4,30,0.2,0.25,0,4,"univariate",0.683349073208448,0.843360579729923
0.5,0.4,30,0.2,0.25,0,4,"multivariate_ols",0.683349073208448,0.623361097630117
0.5,0.4,30,0.2,0.25,0,4,"oracle_activity",1,0
0.1,0.1,5,0,0,0.05,4,"univariate",0.696310623822791,0.247602255801316
0.1,0.1,5,0,0,0.05,4,"multivariate_ols",0.696310623822791,0.196805509098989
0.1,0.1,5,0,0,0.05,4,"oracle_activity",1,0
0.5,0.1,5,0,0,0.05,4,"univariate",0.696310623822791,1.15716851923927
0.5,0.1,5,0,0,0.05,4,"multivariate_ols",0.696310623822791,0.646119614276698
0.5,0.1,5,0,0,0.05,4,"oracle_activity",1,0
0.1,0.4,5,0,0,0.05,4,"univariate",0.696310623822791,0.539300379696101
0.1,0.4,5,0,0,0.05,4,"multivariate_ols",0.696310623822791,0.565061627922156
0.1,0.4,5,0,0,0.05,4,"oracle_activity",1,0
0.5,0.4,5,0,0,0.05,4,"univariate",0.696310623822791,1.3238644334425
0.5,0.4,5,0,0,0.05,4,"multivariate_ols",0.696310623822791,0.85568761677427
0.5,0.4,5,0,0,0.05,4,"oracle_activity",1,0
0.1,0.1,30,0,0,0.05,4,"univariate",0.696310623822791,0.22595451239311
0.1,0.1,30,0,0,0.05,4,"multivariate_ols",0.696310623822791,0.186768171779968
0.1,0.1,30,0,0,0.05,4,"oracle_activity",1,0
0.5,0.1,30,0,0,0.05,4,"univariate",0.696310623822791,1.23361730280357
0.5,0.1,30,0,0,0.05,4,"multivariate_ols",0.696310623822791,0.87540908749568
0.5,0.1,30,0,0,0.05,4,"oracle_activity",1,0
0.1,0.4,30,0,0,0.05,4,"univariate",0.261116483933547,0.549055466526844
0.1,0.4,30,0,0,0.05,4,"multivariate_ols",0.522232967867094,0.713813364613618
0.1,0.4,30,0,0,0.05,4,"oracle_activity",1,0
0.5,0.4,30,0,0,0.05,4,"univariate",0.696310623822791,1.15063292136202
0.5,0.4,30,0,0,0.05,4,"multivariate_ols",0.696310623822791,0.800572557603794
0.5,0.4,30,0,0,0.05,4,"oracle_activity",1,0
0.1,0.1,5,0.2,0,0.05,4,"univariate",0.700649049745371,0.279881207480915
0.1,0.1,5,0.2,0,0.05,4,"multivariate_ols",0.683349073208448,0.191981659789431
0.1,0.1,5,0.2,0,0.05,4,"oracle_activity",1,0
0.5,0.1,5,0.2,0,0.05,4,"univariate",0.696310623822791,0.910007857082063
0.5,0.1,5,0.2,0,0.05,4,"multivariate_ols",0.696310623822791,0.638454716560025
0.5,0.1,5,0.2,0,0.05,4,"oracle_activity",1,0
0.1,0.4,5,0.2,0,0.05,4,"univariate",0.622799155329218,0.356580011843795
0.1,0.4,5,0.2,0,0.05,4,"multivariate_ols",0.700649049745371,0.294753367495296
0.1,0.4,5,0.2,0,0.05,4,"oracle_activity",1,0
0.5,0.4,5,0.2,0,0.05,4,"univariate",0.683349073208448,1.03616363376944
0.5,0.4,5,0.2,0,0.05,4,"multivariate_ols",0.700649049745371,1.00121550188819
0.5,0.4,5,0.2,0,0.05,4,"oracle_activity",1,0
0.1,0.1,30,0.2,0,0.05,4,"univariate",0.700649049745371,0.231160981178175
0.1,0.1,30,0.2,0,0.05,4,"multivariate_ols",0.700649049745371,0.15640502855338
0.1,0.1,30,0.2,0,0.05,4,"oracle_activity",1,0
0.5,0.1,30,0.2,0,0.05,4,"univariate",0.700649049745371,1.24514960865395
0.5,0.1,30,0.2,0,0.05,4,"multivariate_ols",0.683349073208448,0.894637337669745
0.5,0.1,30,0.2,0,0.05,4,"oracle_activity",1,0
0.1,0.4,30,0.2,0,0.05,4,"univariate",0.696310623822791,0.476996038306677
0.1,0.4,30,0.2,0,0.05,4,"multivariate_ols",0.696310623822791,0.520419079526085
0.1,0.4,30,0.2,0,0.05,4,"oracle_activity",1,0
0.5,0.4,30,0.2,0,0.05,4,"univariate",0.683349073208448,1.23333637392264
0.5,0.4,30,0.2,0,0.05,4,"multivariate_ols",0.683349073208448,1.0138099434437
0.5,0.4,30,0.2,0,0.05,4,"oracle_activity",1,0
0.1,0.1,5,0,0.25,0.05,4,"univariate",0.700649049745371,0.177141643144713
0.1,0.1,5,0,0.25,0.05,4,"multivariate_ols",0.700649049745371,0.13004044472235
0.1,0.1,5,0,0.25,0.05,4,"oracle_activity",1,0
0.5,0.1,5,0,0.25,0.05,4,"univariate",0.683349073208448,1.01214180059097
0.5,0.1,5,0,0.25,0.05,4,"multivariate_ols",0.700649049745371,0.833747397183977
0.5,0.1,5,0,0.25,0.05,4,"oracle_activity",1,0
0.1,0.4,5,0,0.25,0.05,4,"univariate",0.467099366496914,0.489251589544406
0.1,0.4,5,0,0.25,0.05,4,"multivariate_ols",0.622799155329218,0.487577138283552
0.1,0.4,5,0,0.25,0.05,4,"oracle_activity",1,0
0.5,0.4,5,0,0.25,0.05,4,"univariate",0.683349073208448,1.09428109678226
0.5,0.4,5,0,0.25,0.05,4,"multivariate_ols",0.683349073208448,0.800511982993824
0.5,0.4,5,0,0.25,0.05,4,"oracle_activity",1,0
0.1,0.1,30,0,0.25,0.05,4,"univariate",0.700649049745371,0.219034270189779
0.1,0.1,30,0,0.25,0.05,4,"multivariate_ols",0.700649049745371,0.264495046498813
0.1,0.1,30,0,0.25,0.05,4,"oracle_activity",1,0
0.5,0.1,30,0,0.25,0.05,4,"univariate",0.700649049745371,1.0735524768501
0.5,0.1,30,0,0.25,0.05,4,"multivariate_ols",0.700649049745371,0.980933550072395
0.5,0.1,30,0,0.25,0.05,4,"oracle_activity",1,0
0.1,0.4,30,0,0.25,0.05,4,"univariate",0.588199202255373,0.384775645838332
0.1,0.4,30,0,0.25,0.05,4,"multivariate_ols",0.588199202255373,0.391725994801241
0.1,0.4,30,0,0.25,0.05,4,"oracle_activity",1,0
0.5,0.4,30,0,0.25,0.05,4,"univariate",0.700649049745371,0.999691575193209
0.5,0.4,30,0,0.25,0.05,4,"multivariate_ols",0.683349073208448,1.00116350444299
0.5,0.4,30,0,0.25,0.05,4,"oracle_activity",1,0
0.1,0.1,5,0.2,0.25,0.05,4,"univariate",0.683349073208448,0.218446325516435
0.1,0.1,5,0.2,0.25,0.05,4,"multivariate_ols",0.683349073208448,0.274847724791144
0.1,0.1,5,0.2,0.25,0.05,4,"oracle_activity",1,0
0.5,0.1,5,0.2,0.25,0.05,4,"univariate",0.683349073208448,0.905858698630874
0.5,0.1,5,0.2,0.25,0.05,4,"multivariate_ols",0.700649049745371,1.02633652934583
0.5,0.1,5,0.2,0.25,0.05,4,"oracle_activity",1,0
0.1,0.4,5,0.2,0.25,0.05,4,"univariate",0.683349073208448,0.356202596000313
0.1,0.4,5,0.2,0.25,0.05,4,"multivariate_ols",0.683349073208448,0.376154059258329
0.1,0.4,5,0.2,0.25,0.05,4,"oracle_activity",1,0
0.5,0.4,5,0.2,0.25,0.05,4,"univariate",0.683349073208448,1.08883666897488
0.5,0.4,5,0.2,0.25,0.05,4,"multivariate_ols",0.683349073208448,1.01028496377537
0.5,0.4,5,0.2,0.25,0.05,4,"oracle_activity",1,0
0.1,0.1,30,0.2,0.25,0.05,4,"univariate",0.683349073208448,0.265155957192735
0.1,0.1,30,0.2,0.25,0.05,4,"multivariate_ols",0.700649049745371,0.323595827908787
0.1,0.1,30,0.2,0.25,0.05,4,"oracle_activity",1,0
0.5,0.1,30,0.2,0.25,0.05,4,"univariate",0.700649049745371,0.915802286518006
0.5,0.1,30,0.2,0.25,0.05,4,"multivariate_ols",0.700649049745371,1.16534232569317
0.5,0.1,30,0.2,0.25,0.05,4,"oracle_activity",1,0
0.1,0.4,30,0.2,0.25,0.05,4,"univariate",0.700649049745371,0.273156760613916
0.1,0.4,30,0.2,0.25,0.05,4,"multivariate_ols",0.683349073208448,0.25288158184265
0.1,0.4,30,0.2,0.25,0.05,4,"oracle_activity",1,0
0.5,0.4,30,0.2,0.25,0.05,4,"univariate",0.700649049745371,1.01106265715655
0.5,0.4,30,0.2,0.25,0.05,4,"multivariate_ols",0.700649049745371,1.31309474945633
0.5,0.4,30,0.2,0.25,0.05,4,"oracle_activity",1,0
