quiet_threshold,single_threshold,expression_filter,endpoint,method,auroc,auprc,n,positives,prevalence,auprc_over_prevalence
0.05,0.05,all,all_PRN_covered,quietness,0.19865376461313738,0.0005415217762557715,410558,391,0.0009523623945946736,0.5686089447979975
0.05,0.05,all,all_PRN_covered,prn_counterdirection,0.5377123448133038,0.0010733174080699518,410558,391,0.0009523623945946736,1.1270052389319265
0.05,0.05,all,all_PRN_covered,prn_active_balance,0.538716367895487,0.0010820997522049472,410558,391,0.0009523623945946736,1.1362268799635773
0.05,0.05,all,optimal_pair_matched_1_to_10,quietness,0.4942000641021448,0.0901911548465675,4301,391,0.09090909090909091,0.9921027033122426
0.05,0.05,all,optimal_pair_matched_1_to_10,prn_counterdirection,0.5166076883327555,0.09993907608033531,4301,391,0.09090909090909091,1.0993298368836883
0.05,0.05,all,optimal_pair_matched_1_to_10,prn_active_balance,0.5176611220491755,0.10115141098352684,4301,391,0.09090909090909091,1.1126655208187952
0.05,0.1,all,all_PRN_covered,quietness,0.15548518304168865,7.56324596809031e-05,411785,56,0.00013599329747319598,0.5561484358875121
0.05,0.1,all,all_PRN_covered,prn_counterdirection,0.5816881370998885,0.00018795934389811942,411785,56,0.00013599329747319598,1.3821221147694125
0.05,0.1,all,all_PRN_covered,prn_active_balance,0.5838412090060626,0.00019248850495843741,411785,56,0.00013599329747319598,1.415426410969824
0.05,0.1,all,optimal_pair_matched_1_to_10,quietness,0.49362244897959184,0.0946115696085625,616,56,0.09090909090909091,1.0407272656941875
0.05,0.1,all,optimal_pair_matched_1_to_10,prn_counterdirection,0.5316645408163265,0.11374561766672828,616,56,0.09090909090909091,1.251201794334011
0.05,0.1,all,optimal_pair_matched_1_to_10,prn_active_balance,0.5363360969387755,0.11612341605196932,616,56,0.09090909090909091,1.2773575765716625
0.05,0.15,all,all_PRN_covered,quietness,0.19788477460175638,2.4925677753105228e-05,411888,17,4.1273355863729946e-05,0.6039169151982945
0.05,0.15,all,all_PRN_covered,prn_counterdirection,0.5513301066424711,5.892615221732538e-05,411888,17,4.1273355863729946e-05,1.4277044108523362
0.05,0.15,all,all_PRN_covered,prn_active_balance,0.5475722909814567,5.7774821523553916e-05,411888,17,4.1273355863729946e-05,1.3998091580996221
0.05,0.15,all,optimal_pair_matched_1_to_10,quietness,0.4892733564013841,0.10114778509244733,187,17,0.09090909090909091,1.1126256360169207
0.05,0.15,all,optimal_pair_matched_1_to_10,prn_counterdirection,0.509515570934256,0.12492258321861903,187,17,0.09090909090909091,1.3741484154048094
0.05,0.15,all,optimal_pair_matched_1_to_10,prn_active_balance,0.5070934256055364,0.12655035862349967,187,17,0.09090909090909091,1.3920539448584963
0.05,0.2,all,all_PRN_covered,quietness,0.15423221655741684,1.2065850231925885e-05,411908,8,1.9421812637773482e-05,0.621252529666516
0.05,0.2,all,all_PRN_covered,prn_counterdirection,0.4409459213401311,2.0887912989692425e-05,411908,8,1.9421812637773482e-05,1.0754873079697784
0.05,0.2,all,all_PRN_covered,prn_active_balance,0.4344407016266084,2.041692833074803e-05,411908,8,1.9421812637773482e-05,1.05123701435772
0.05,0.2,all,optimal_pair_matched_1_to_10,quietness,0.4703125,0.11206238970218108,88,8,0.09090909090909091,1.2326862867239918
0.05,0.2,all,optimal_pair_matched_1_to_10,prn_counterdirection,0.4765625,0.17437770562770563,88,8,0.09090909090909091,1.9181547619047619
0.05,0.2,all,optimal_pair_matched_1_to_10,prn_active_balance,0.465625,0.14556277056277056,88,8,0.09090909090909091,1.601190476190476
0.075,0.05,all,all_PRN_covered,quietness,0.2161867794599154,0.0011267048493654988,484348,946,0.0019531411299313715,0.5768681187954341
0.075,0.05,all,all_PRN_covered,prn_counterdirection,0.5394007080612494,0.002261191730493377,484348,946,0.0019531411299313715,1.1577206049482094
0.075,0.05,all,all_PRN_covered,prn_active_balance,0.5397509553785956,0.00226422023268137,484348,946,0.0019531411299313715,1.159271185262956
0.075,0.05,all,optimal_pair_matched_1_to_10,quietness,0.49513686200716045,0.09008887945732473,10406,946,0.09090909090909091,0.990977674030572
0.075,0.05,all,optimal_pair_matched_1_to_10,prn_counterdirection,0.5082771455644999,0.09761790199992199,10406,946,0.09090909090909091,1.073796921999142
0.075,0.05,all,optimal_pair_matched_1_to_10,prn_active_balance,0.5098057806542737,0.09850240092897793,10406,946,0.09090909090909091,1.0835264102187572
0.075,0.1,all,all_PRN_covered,quietness,0.1852938919165,0.00017685271165208624,486591,153,0.00031443244942878104,0.5624505739575183
0.075,0.1,all,all_PRN_covered,prn_counterdirection,0.5921025019894521,0.0004533159580070003,486591,153,0.00031443244942878104,1.4416958517815968
0.075,0.1,all,all_PRN_covered,prn_active_balance,0.5919934391950534,0.00045308662527584776,486591,153,0.00031443244942878104,1.4409664972522878
0.075,0.1,all,optimal_pair_matched_1_to_10,quietness,0.49474561066256567,0.09204960571545388,1683,153,0.09090909090909091,1.0125456628699927
0.075,0.1,all,optimal_pair_matched_1_to_10,prn_counterdirection,0.5346597462514417,0.11278856605066445,1683,153,0.09090909090909091,1.240674226557309
0.075,0.1,all,optimal_pair_matched_1_to_10,prn_active_balance,0.5368234439745397,0.11092880833932017,1683,153,0.09090909090909091,1.2202168917325218
0.075,0.15,all,all_PRN_covered,quietness,0.19672181211808218,6.163154275366826e-05,486816,52,0.00010681653848682048,0.576985021484034
0.075,0.15,all,all_PRN_covered,prn_counterdirection,0.5827622476031664,0.00017789344447816582,486816,52,0.00010681653848682048,1.665411058982361
0.075,0.15,all,all_PRN_covered,prn_active_balance,0.5791865533637214,0.0001648940583730763,486816,52,0.00010681653848682048,1.5437128061720675
0.075,0.15,all,optimal_pair_matched_1_to_10,quietness,0.49204881656804733,0.09355777870949639,572,52,0.09090909090909091,1.0291355658044603
0.075,0.15,all,optimal_pair_matched_1_to_10,prn_counterdirection,0.5319156804733728,0.1419422405513418,572,52,0.09090909090909091,1.5613646460647599
0.075,0.15,all,optimal_pair_matched_1_to_10,prn_active_balance,0.5316198224852071,0.13045533426750433,572,52,0.09090909090909091,1.4350086769425476
0.075,0.2,all,all_PRN_covered,quietness,0.15161680738043204,2.2401004879469673e-05,486854,19,3.902607352512252e-05,0.5740009910310172
0.075,0.2,all,all_PRN_covered,prn_counterdirection,0.5715967206007871,7.582562916104106e-05,486854,19,3.902607352512252e-05,1.942947939977341
0.075,0.2,all,all_PRN_covered,prn_active_balance,0.562281395458204,6.472446113948592e-05,486854,19,3.902607352512252e-05,1.6584927791370145
0.075,0.2,all,optimal_pair_matched_1_to_10,quietness,0.48310249307479225,0.10143517225926463,209,19,0.09090909090909091,1.115786894851911
0.075,0.2,all,optimal_pair_matched_1_to_10,prn_counterdirection,0.5293628808864266,0.21540716720030656,209,19,0.09090909090909091,2.369478839203372
0.075,0.2,all,optimal_pair_matched_1_to_10,prn_active_balance,0.5227146814404432,0.16511303345063527,209,19,0.09090909090909091,1.816243367956988
0.1,0.05,all,all_PRN_covered,quietness,0.21954496571816387,0.0016143959694748596,527213,1470,0.0027882468755512477,0.5790003688807818
0.1,0.05,all,all_PRN_covered,prn_counterdirection,0.5371428677530437,0.003262990653084358,527213,1470,0.0027882468755512477,1.1702660484248733
0.1,0.05,all,all_PRN_covered,prn_active_balance,0.5359438273952454,0.0032386638287372474,527213,1470,0.0027882468755512477,1.1615412742449323
0.1,0.05,all,optimal_pair_matched_1_to_10,quietness,0.4931180989402564,0.08956436114186006,16170,1470,0.09090909090909091,0.9852079725604607
0.1,0.05,all,optimal_pair_matched_1_to_10,prn_counterdirection,0.5038339812115322,0.09724329221686642,16170,1470,0.09090909090909091,1.0696762143855305
0.1,0.05,all,optimal_pair_matched_1_to_10,prn_active_balance,0.503694224628627,0.09727154202858897,16170,1470,0.09090909090909091,1.0699869623144787
0.1,0.1,all,all_PRN_covered,quietness,0.19663403820572578,0.00026837274458665493,530338,251,0.0004732830760760119,0.5670448789585554
0.1,0.1,all,all_PRN_covered,prn_counterdirection,0.5904592320660706,0.0006616444683973282,530338,251,0.0004732830760760119,1.3979888608800886
0.1,0.1,all,all_PRN_covered,prn_active_balance,0.5887070503205454,0.0006586498530330939,530338,251,0.0004732830760760119,1.3916615368839242
0.1,0.1,all,optimal_pair_matched_1_to_10,quietness,0.49577625751972193,0.09129913171311238,2761,251,0.09090909090909091,1.0042904488442361
0.1,0.1,all,optimal_pair_matched_1_to_10,prn_counterdirection,0.5200242853288043,0.10704565945229294,2761,251,0.09090909090909091,1.1775022539752222
0.1,0.1,all,optimal_pair_matched_1_to_10,prn_active_balance,0.5206330058253044,0.10653244132409231,2761,251,0.09090909090909091,1.1718568545650154
0.1,0.15,all,all_PRN_covered,quietness,0.1976121755001907,8.421749970043631e-05,530650,78,0.0001469895411288043,0.5729489258466222
0.1,0.15,all,all_PRN_covered,prn_counterdirection,0.5906890256031372,0.0002615181219705209,530650,78,0.0001469895411288043,1.779161428508422
0.1,0.15,all,all_PRN_covered,prn_active_balance,0.5884793276806048,0.0002483454595327739,530650,78,0.0001469895411288043,1.6895451038598266
0.1,0.15,all,optimal_pair_matched_1_to_10,quietness,0.4935568704799474,0.09274964121350347,858,78,0.09090909090909091,1.0202460533485382
0.1,0.15,all,optimal_pair_matched_1_to_10,prn_counterdirection,0.5258136094674556,0.13872017175318968,858,78,0.09090909090909091,1.5259218892850865
0.1,0.15,all,optimal_pair_matched_1_to_10,prn_active_balance,0.528862590401052,0.1323703390626916,858,78,0.09090909090909091,1.4560737296896076
0.1,0.2,all,all_PRN_covered,quietness,0.16365061094321814,3.3211460992468866e-05,530707,31,5.8412645772526086e-05,0.5685662848041991
0.1,0.2,all,all_PRN_covered,prn_counterdirection,0.5891123287911049,0.0001294119154775269,530707,31,5.8412645772526086e-05,2.215477723462318
0.1,0.2,all,all_PRN_covered,prn_active_balance,0.5824947498491881,0.00011256571802283936,530707,31,5.8412645772526086e-05,1.927077887572484
0.1,0.2,all,optimal_pair_matched_1_to_10,quietness,0.4931321540062435,0.09836084384501054,341,31,0.09090909090909091,1.081969282295116
0.1,0.2,all,optimal_pair_matched_1_to_10,prn_counterdirection,0.51420395421436,0.1476740918340343,341,31,0.09090909090909091,1.6244150101743773
0.1,0.2,all,optimal_pair_matched_1_to_10,prn_active_balance,0.5143080124869928,0.13250468258032128,341,31,0.09090909090909091,1.457551508383534
0.15,0.05,all,all_PRN_covered,quietness,0.21630045286719174,0.0023315777523348225,570320,2305,0.004041590685930706,0.5768960623477639
0.15,0.05,all,all_PRN_covered,prn_counterdirection,0.5457582974908071,0.004855961937767917,570320,2305,0.004041590685930706,1.2014977060077217
0.15,0.05,all,all_PRN_covered,prn_active_balance,0.543134720614276,0.0047776760619806435,570320,2305,0.004041590685930706,1.1821276406372236
0.15,0.05,all,optimal_pair_matched_1_to_10,quietness,0.4857381623463093,0.08859217748488836,25355,2305,0.09090909090909091,0.9745139523337719
0.15,0.05,all,optimal_pair_matched_1_to_10,prn_counterdirection,0.5050339872294973,0.09613060997902473,25355,2305,0.09090909090909091,1.057436709769272
0.15,0.05,all,optimal_pair_matched_1_to_10,prn_active_balance,0.5042273939987107,0.09591095446758638,25355,2305,0.09090909090909091,1.0550204991434502
0.15,0.1,all,all_PRN_covered,quietness,0.19931764195388255,0.0004144457598155214,574478,420,0.0007310984928926782,0.5668808838269075
0.15,0.1,all,all_PRN_covered,prn_counterdirection,0.5898307272419296,0.001011836100757274,574478,420,0.0007310984928926782,1.3839942368829459
0.15,0.1,all,all_PRN_covered,prn_active_balance,0.5882452146448119,0.00100545485531435,574478,420,0.0007310984928926782,1.3752659389792314
0.15,0.1,all,optimal_pair_matched_1_to_10,quietness,0.4953044217687075,0.09065408275493297,4620,420,0.09090909090909091,0.9971949103042627
0.15,0.1,all,optimal_pair_matched_1_to_10,prn_counterdirection,0.5211295351473922,0.1050903776955259,4620,420,0.09090909090909091,1.1559941546507848
0.15,0.1,all,optimal_pair_matched_1_to_10,prn_active_balance,0.5226785714285714,0.10633780512199181,4620,420,0.09090909090909091,1.1697158563419099
0.15,0.15,all,all_PRN_covered,quietness,0.19817255599371117,0.00013362353193554428,574935,135,0.00023480915233896004,0.5690729283952752
0.15,0.15,all,all_PRN_covered,prn_counterdirection,0.6085470501817057,0.0004277466629738914,574935,135,0.00023480915233896004,1.8216779827918093
0.15,0.15,all,all_PRN_covered,prn_active_balance,0.6061220714451403,0.00040828115893248764,574935,135,0.00023480915233896004,1.7387787267470356
0.15,0.15,all,optimal_pair_matched_1_to_10,quietness,0.4933827160493827,0.09098828166418826,1485,135,0.09090909090909091,1.000871098306071
0.15,0.15,all,optimal_pair_matched_1_to_10,prn_counterdirection,0.5292537722908093,0.12369495852772525,1485,135,0.09090909090909091,1.3606445438049777
0.15,0.15,all,optimal_pair_matched_1_to_10,prn_active_balance,0.5313882030178326,0.12206379105002385,1485,135,0.09090909090909091,1.3427017015502622
0.15,0.2,all,all_PRN_covered,quietness,0.1838950718094188,4.7523749011556824e-05,575019,48,8.347550254861143e-05,0.5693137215182582
0.15,0.2,all,all_PRN_covered,prn_counterdirection,0.5849959715359557,0.00016108200502025025,575019,48,8.347550254861143e-05,1.9296919467654017
0.15,0.2,all,all_PRN_covered,prn_active_balance,0.5793915040932499,0.00014543512340936182,575019,48,8.347550254861143e-05,1.7422491505776632
0.15,0.2,all,optimal_pair_matched_1_to_10,quietness,0.49210069444444443,0.09342756393472135,528,48,0.09090909090909091,1.0277032032819349
0.15,0.2,all,optimal_pair_matched_1_to_10,prn_counterdirection,0.5126953125,0.12542309497246198,528,48,0.09090909090909091,1.3796540446970817
0.15,0.2,all,optimal_pair_matched_1_to_10,prn_active_balance,0.5139756944444445,0.11897051946460849,528,48,0.09090909090909091,1.3086757141106933
0.2,0.05,all,all_PRN_covered,quietness,0.20870401249837556,0.002799198866736189,589741,2882,0.004886891025043197,0.5727974805232016
0.2,0.05,all,all_PRN_covered,prn_counterdirection,0.5419753549844137,0.0058191032981438654,589741,2882,0.004886891025043197,1.1907577370404794
0.2,0.05,all,all_PRN_covered,prn_active_balance,0.53899102516765,0.005706661972789628,589741,2882,0.004886891025043197,1.16774897241323
0.2,0.05,all,optimal_pair_matched_1_to_10,quietness,0.47692365713916957,0.08729847313614128,31702,2882,0.09090909090909091,0.9602832044975541
0.2,0.05,all,optimal_pair_matched_1_to_10,prn_counterdirection,0.5034079110283215,0.09640225968877128,31702,2882,0.09090909090909091,1.060424856576484
0.2,0.05,all,optimal_pair_matched_1_to_10,prn_active_balance,0.5024625857400091,0.09596404434582771,31702,2882,0.09090909090909091,1.0556044878041049
0.2,0.1,all,all_PRN_covered,quietness,0.18379371470141428,0.0005317629295587302,594362,566,0.0009522816061592093,0.5584093256861944
0.2,0.1,all,all_PRN_covered,prn_counterdirection,0.5831932601235765,0.001289973800979035,594362,566,0.0009522816061592093,1.3546137955786242
0.2,0.1,all,all_PRN_covered,prn_active_balance,0.5800625597655018,0.0012637012421965414,594362,566,0.0009522816061592093,1.3270247309442063
0.2,0.1,all,optimal_pair_matched_1_to_10,quietness,0.49531708474322317,0.09049164126753724,6226,566,0.09090909090909091,0.9954080539429097
0.2,0.1,all,optimal_pair_matched_1_to_10,prn_counterdirection,0.5209648016581553,0.10203500450543873,6226,566,0.09090909090909091,1.122385049559826
0.2,0.1,all,optimal_pair_matched_1_to_10,prn_active_balance,0.5214914033138134,0.10250134083945028,6226,566,0.09090909090909091,1.127514749233953
0.2,0.15,all,all_PRN_covered,quietness,0.17649679593584555,0.00017302489531747728,594890,185,0.00031098186219301045,0.5563825944616977
0.2,0.15,all,all_PRN_covered,prn_counterdirection,0.6004028479257374,0.0005464931790185541,594890,185,0.00031098186219301045,1.7573152825207983
0.2,0.15,all,all_PRN_covered,prn_active_balance,0.5970989841204486,0.0005175265569544261,594890,185,0.00031098186219301045,1.6641695863060462
0.2,0.15,all,optimal_pair_matched_1_to_10,quietness,0.4955120525931337,0.09102362964599378,2035,185,0.09090909090909091,1.0012599261059316
0.2,0.15,all,optimal_pair_matched_1_to_10,prn_counterdirection,0.5243637691745799,0.11498790806040068,2035,185,0.09090909090909091,1.2648669886644075
0.2,0.15,all,optimal_pair_matched_1_to_10,prn_active_balance,0.5250065741417093,0.1131498717729058,2035,185,0.09090909090909091,1.2446485895019637
0.2,0.2,all,all_PRN_covered,quietness,0.17651096014946005,6.139274002045763e-05,594986,65,0.00010924626797941464,0.5619664740586462
0.2,0.2,all,all_PRN_covered,prn_counterdirection,0.605261125168138,0.00022627871189198715,594986,65,0.00010924626797941464,2.071271779596398
0.2,0.2,all,all_PRN_covered,prn_active_balance,0.5976238086168648,0.00019880824168952573,594986,65,0.00010924626797941464,1.8198172383059101
0.2,0.2,all,optimal_pair_matched_1_to_10,quietness,0.49488757396449706,0.09282561805562606,715,65,0.09090909090909091,1.0210817986118865
0.2,0.2,all,optimal_pair_matched_1_to_10,prn_counterdirection,0.5244615384615384,0.12435202799531084,715,65,0.09090909090909091,1.3678723079484192
0.2,0.2,all,optimal_pair_matched_1_to_10,prn_active_balance,0.5248520710059171,0.11856899707765554,715,65,0.09090909090909091,1.304258967854211
0.1,0.1,detection_ge_0.05,all_PRN_covered,quietness,0.3022021244651491,0.000517917330984313,317091,251,0.0007915708739762402,0.6542905354547681
0.1,0.1,detection_ge_0.05,all_PRN_covered,prn_counterdirection,0.614233892607829,0.001257073291958298,317091,251,0.0007915708739762402,1.5880742120332618
0.1,0.1,detection_ge_0.05,all_PRN_covered,prn_active_balance,0.6122737744892165,0.001250792910199832,317091,251,0.0007915708739762402,1.5801401381999003
0.1,0.1,detection_ge_0.05,optimal_pair_matched_1_to_10,quietness,0.4940683481214584,0.09064838755067187,2761,251,0.09090909090909091,0.9971322630573906
0.1,0.1,detection_ge_0.05,optimal_pair_matched_1_to_10,prn_counterdirection,0.5160084760559356,0.10609864169158559,2761,251,0.09090909090909091,1.1670850586074415
0.1,0.1,detection_ge_0.05,optimal_pair_matched_1_to_10,prn_active_balance,0.5168314788654148,0.10547107529826297,2761,251,0.09090909090909091,1.1601818282808927
0.1,0.1,detection_ge_0.10,all_PRN_covered,quietness,0.33331113881070024,0.0006724637275148553,257843,251,0.0009734605942375787,0.6907970712892941
0.1,0.1,detection_ge_0.10,all_PRN_covered,prn_counterdirection,0.6182970298995948,0.0015591805596171663,257843,251,0.0009734605942375787,1.6016884184596374
0.1,0.1,detection_ge_0.10,all_PRN_covered,prn_active_balance,0.6165059551229536,0.0015525862536936268,257843,251,0.0009734605942375787,1.5949143323152422
0.1,0.1,detection_ge_0.10,optimal_pair_matched_1_to_10,quietness,0.49389216044189777,0.09116916840245642,2761,251,0.09090909090909091,1.0028608524270206
0.1,0.1,detection_ge_0.10,optimal_pair_matched_1_to_10,prn_counterdirection,0.5150600784114537,0.10576221911791894,2761,251,0.09090909090909091,1.1633844102971083
0.1,0.1,detection_ge_0.10,optimal_pair_matched_1_to_10,prn_active_balance,0.5160330788400184,0.10492485485278846,2761,251,0.09090909090909091,1.154173403380673
0.1,0.1,detection_ge_0.25,all_PRN_covered,quietness,0.4066818542449115,0.0014332600996472056,139851,251,0.0017947672880422735,0.7985771242859019
0.1,0.1,detection_ge_0.25,all_PRN_covered,prn_counterdirection,0.6180842247057615,0.0029481313016037594,139851,251,0.0017947672880422735,1.6426259388868023
0.1,0.1,detection_ge_0.25,all_PRN_covered,prn_active_balance,0.6168838257286042,0.0029534970536257343,139851,251,0.0017947672880422735,1.6456156033729585
0.1,0.1,detection_ge_0.25,optimal_pair_matched_1_to_10,quietness,0.49257154648338913,0.09053653337070161,2761,251,0.09090909090909091,0.9959018670777177
0.1,0.1,detection_ge_0.25,optimal_pair_matched_1_to_10,prn_counterdirection,0.5114466437040682,0.10339817656104862,2761,251,0.09090909090909091,1.1373799421715347
0.1,0.1,detection_ge_0.25,optimal_pair_matched_1_to_10,prn_active_balance,0.5124426596403232,0.10296277706796875,2761,251,0.09090909090909091,1.132590547747656
0.1,0.1,mean_counts_ge_0.10,all_PRN_covered,quietness,0.32844867285903157,0.0006432866270083264,267204,251,0.0009393571952515681,0.6848157764268241
0.1,0.1,mean_counts_ge_0.10,all_PRN_covered,prn_counterdirection,0.6164404128437608,0.0014981960450622047,267204,251,0.0009393571952515681,1.5949162391426348
0.1,0.1,mean_counts_ge_0.10,all_PRN_covered,prn_active_balance,0.6145341056574368,0.0014925424431990568,267204,251,0.0009393571952515681,1.5888976533568158
0.1,0.1,mean_counts_ge_0.10,optimal_pair_matched_1_to_10,quietness,0.4936350216663228,0.09095169341283216,2761,251,0.09090909090909091,1.0004686275411536
0.1,0.1,mean_counts_ge_0.10,optimal_pair_matched_1_to_10,prn_counterdirection,0.515698163521214,0.10680800773049837,2761,251,0.09090909090909091,1.174888085035482
0.1,0.1,mean_counts_ge_0.10,optimal_pair_matched_1_to_10,prn_active_balance,0.5168441770765544,0.1058385327238257,2761,251,0.09090909090909091,1.1642238599620827
