"donor_n","cells_per_group","biological_dispersion","response_heterogeneity","footprint_size","count_scale","nuisance_fraction","cancellation_strength","replicate_id","pseudobulk_samples","tested_genes","method","auroc","auprc","top_k_accuracy","counter_spearman","target_coverage","counter_target_coverage","effect_spearman","effect_rmse"
3,30,0.35,0.1,20,0.35,0.2,0.08,1,6,453,"oracle_prn",1,1,1,0.917823298844213,0.375,1,NA,NA
3,30,0.35,0.1,20,0.35,0.2,0.08,1,6,453,"estimated_prn",0.456349206349206,0.619358516223002,0.765957446808511,-0.1590391493868,0.288333333333333,0.783333333333333,0.397666435170716,0.345704334092302
3,30,0.35,0.1,20,0.35,0.2,0.08,1,6,453,"small_abs_logfc",0.436484645215386,0.100296871351202,0.0638297872340425,-0.0670940724421767,0.755,0.783333333333333,0.397666435170716,0.345704334092302
8,30,0.35,0.1,20,0.35,0.2,0.08,1,16,518,"oracle_prn",1,1,1,0.93323704612954,0.383333333333333,1,NA,NA
8,30,0.35,0.1,20,0.35,0.2,0.08,1,16,518,"estimated_prn",0.459459459459459,0.625041922819689,0.773584905660377,-0.150696465748468,0.335,0.883333333333333,0.443879834571896,0.261673589539237
8,30,0.35,0.1,20,0.35,0.2,0.08,1,16,518,"small_abs_logfc",0.557110975857172,0.138882154529872,0.150943396226415,0.0599577966453157,0.863333333333333,0.883333333333333,0.443879834571896,0.261673589539237
3,100,0.35,0.1,20,0.35,0.2,0.08,1,6,584,"oracle_prn",1,1,1,0.92890074925157,0.385,1,NA,NA
3,100,0.35,0.1,20,0.35,0.2,0.08,1,6,584,"estimated_prn",0.451807228915663,0.587626674623985,0.728813559322034,-0.164806648092368,0.375,0.983333333333333,0.425516005296973,0.26202273707931
3,100,0.35,0.1,20,0.35,0.2,0.08,1,6,584,"small_abs_logfc",0.47770782889427,0.0944356743958333,0.0338983050847458,-0.0232721462764467,0.973333333333333,0.983333333333333,0.425516005296973,0.26202273707931
8,100,0.35,0.1,20,0.35,0.2,0.08,1,16,594,"oracle_prn",1,1,1,0.925054168093604,0.381666666666667,1,NA,NA
8,100,0.35,0.1,20,0.35,0.2,0.08,1,16,594,"estimated_prn",1,1,1,0.961240084310456,0.378333333333333,1,0.487585204541474,0.206460479792454
8,100,0.35,0.1,20,0.35,0.2,0.08,1,16,594,"small_abs_logfc",0.516604244694132,0.106131421823541,0.1,0.0173328577208471,0.99,1,0.487585204541474,0.206460479792454
3,30,0.35,0.5,20,0.35,0.2,0.08,1,6,475,"oracle_prn",1,1,1,0.912904292825249,0.386666666666667,1,NA,NA
3,30,0.35,0.5,20,0.35,0.2,0.08,1,6,475,"estimated_prn",0.437931034482759,0.520255391482905,0.625,-0.184233728709855,0.321666666666667,0.8,0.280553123551635,0.42636838491043
3,30,0.35,0.5,20,0.35,0.2,0.08,1,6,475,"small_abs_logfc",0.518832943013271,0.10460461004544,0.0625,0.0196630427893309,0.791666666666667,0.8,0.280553123551635,0.42636838491043
8,30,0.35,0.5,20,0.35,0.2,0.08,1,16,537,"oracle_prn",1,1,1,0.941707940078745,0.388333333333333,1,NA,NA
8,30,0.35,0.5,20,0.35,0.2,0.08,1,16,537,"estimated_prn",0.464516129032258,0.645678149697344,0.796296296296296,-0.139056310801555,0.348333333333333,0.9,0.3391917566788,0.330310574042435
8,30,0.35,0.5,20,0.35,0.2,0.08,1,16,537,"small_abs_logfc",0.507284717429645,0.10020130881718,0.0740740740740741,0.00758927423263586,0.895,0.9,0.3391917566788,0.330310574042435
3,100,0.35,0.5,20,0.35,0.2,0.08,1,6,578,"oracle_prn",1,1,1,0.94210596593022,0.381666666666667,1,NA,NA
3,100,0.35,0.5,20,0.35,0.2,0.08,1,6,578,"estimated_prn",0.919753086419753,0.638875712601752,0.789473684210526,0.774844935315842,0.365,0.95,0.251321399479979,0.366924221023399
3,100,0.35,0.5,20,0.35,0.2,0.08,1,6,578,"small_abs_logfc",0.489173990638785,0.0937798415958949,0.0350877192982456,-0.0111811924440422,0.963333333333333,0.95,0.251321399479979,0.366924221023399
8,100,0.35,0.5,20,0.35,0.2,0.08,1,16,595,"oracle_prn",1,1,1,0.925056895312286,0.381666666666667,1,NA,NA
8,100,0.35,0.5,20,0.35,0.2,0.08,1,16,595,"estimated_prn",0.461309523809524,0.62968147153117,0.779661016949153,-0.145978903099373,0.378333333333333,0.983333333333333,0.409252594333832,0.27255912792167
8,100,0.35,0.5,20,0.35,0.2,0.08,1,16,595,"small_abs_logfc",0.596951682266633,0.127500457280631,0.0847457627118644,0.100377880335949,0.991666666666667,0.983333333333333,0.409252594333832,0.27255912792167
3,30,0.35,0.1,60,0.35,0.2,0.08,1,6,480,"oracle_prn",1,1,1,0.702833740714557,0.726666666666667,1,NA,NA
3,30,0.35,0.1,60,0.35,0.2,0.08,1,6,480,"estimated_prn",0.379598662207358,0.251319194150959,0,-0.210058484269295,0.585,0.866666666666667,0.542878301189029,0.396783059956932
3,30,0.35,0.1,60,0.35,0.2,0.08,1,6,480,"small_abs_logfc",0.578450754852624,0.174590104242523,0.211538461538462,0.0844638767970541,0.8,0.866666666666667,0.542878301189029,0.396783059956932
8,30,0.35,0.1,60,0.35,0.2,0.08,1,16,534,"oracle_prn",1,1,1,0.694293954570752,0.718333333333333,1,NA,NA
8,30,0.35,0.1,60,0.35,0.2,0.08,1,16,534,"estimated_prn",0.90990990990991,0.433896720186368,0.444444444444444,0.567237466139528,0.645,0.9,0.696442629011415,0.318901030614107
8,30,0.35,0.1,60,0.35,0.2,0.08,1,16,534,"small_abs_logfc",0.535146604938272,0.112222478297625,0.0555555555555556,0.0367071786829331,0.89,0.9,0.696442629011415,0.318901030614107
3,100,0.35,0.1,60,0.35,0.2,0.08,1,6,581,"oracle_prn",1,1,1,0.708967110677731,0.723333333333333,1,NA,NA
3,100,0.35,0.1,60,0.35,0.2,0.08,1,6,581,"estimated_prn",0.987771739130435,0.816636454579554,0.929824561403509,0.685702349897475,0.708333333333333,0.95,0.700932714488023,0.313333489137565
3,100,0.35,0.1,60,0.35,0.2,0.08,1,6,581,"small_abs_logfc",0.459053167269318,0.0952514465161043,0.0701754385964912,-0.0421928167707099,0.968333333333333,0.95,0.700932714488023,0.313333489137565
8,100,0.35,0.1,60,0.35,0.2,0.08,1,16,595,"oracle_prn",1,1,1,0.699842757586704,0.716666666666667,1,NA,NA
8,100,0.35,0.1,60,0.35,0.2,0.08,1,16,595,"estimated_prn",1,1,1,0.804519871672847,0.713333333333333,0.983333333333333,0.773140374852707,0.273737360992998
8,100,0.35,0.1,60,0.35,0.2,0.08,1,16,595,"small_abs_logfc",0.518846445737415,0.0994894416740155,0.101694915254237,0.0195124646706542,0.991666666666667,0.983333333333333,0.773140374852707,0.273737360992998
3,30,0.35,0.5,60,0.35,0.2,0.08,1,6,477,"oracle_prn",1,1,1,0.711307637434225,0.716666666666667,1,NA,NA
3,30,0.35,0.5,60,0.35,0.2,0.08,1,6,477,"estimated_prn",0.914754098360656,0.421844475522757,0.409090909090909,0.594533186753749,0.581666666666667,0.733333333333333,0.458419795708357,0.454933348347385
3,30,0.35,0.5,60,0.35,0.2,0.08,1,6,477,"small_abs_logfc",0.490657148855763,0.0937836589536531,0.0909090909090909,-0.00936532631928018,0.795,0.733333333333333,0.458419795708357,0.454933348347385
8,30,0.35,0.5,60,0.35,0.2,0.08,1,16,526,"oracle_prn",1,1,1,0.690105655357754,0.731666666666667,1,NA,NA
8,30,0.35,0.5,60,0.35,0.2,0.08,1,16,526,"estimated_prn",0.411764705882353,0.269876294656594,0,-0.160034171157593,0.646666666666667,0.8,0.568926575593764,0.365267919150528
8,30,0.35,0.5,60,0.35,0.2,0.08,1,16,526,"small_abs_logfc",0.558620990237099,0.10990514808384,0.0833333333333333,0.0584781171617034,0.876666666666667,0.8,0.568926575593764,0.365267919150528
3,100,0.35,0.5,60,0.35,0.2,0.08,1,6,591,"oracle_prn",1,1,1,0.698275457095862,0.743333333333333,1,NA,NA
3,100,0.35,0.5,60,0.35,0.2,0.08,1,6,591,"estimated_prn",1,1,1,0.736681331472479,0.733333333333333,1,0.52586182730121,0.413596698536477
3,100,0.35,0.5,60,0.35,0.2,0.08,1,6,591,"small_abs_logfc",0.54331450094162,0.122815693793517,0.116666666666667,0.0453168761204719,0.985,1,0.52586182730121,0.413596698536477
8,100,0.35,0.5,60,0.35,0.2,0.08,1,16,593,"oracle_prn",1,1,1,0.696757571858428,0.731666666666667,1,NA,NA
8,100,0.35,0.5,60,0.35,0.2,0.08,1,16,593,"estimated_prn",0.896,0.401551259674524,0.355932203389831,0.639070980307475,0.723333333333333,0.983333333333333,0.632258366637292,0.313276431827556
8,100,0.35,0.5,60,0.35,0.2,0.08,1,16,593,"small_abs_logfc",0.482733447597283,0.0985506904074121,0.0677966101694915,-0.0179035359451879,0.988333333333333,0.983333333333333,0.632258366637292,0.313276431827556
3,30,0.35,0.1,20,1,0.2,0.08,1,6,575,"oracle_prn",1,1,1,0.946293992888571,0.388333333333333,1,NA,NA
3,30,0.35,0.1,20,1,0.2,0.08,1,6,575,"estimated_prn",1,1,1,0.954685644045458,0.371666666666667,0.966666666666667,0.449925571654709,0.283742113356894
3,30,0.35,0.1,20,1,0.2,0.08,1,6,575,"small_abs_logfc",0.491662775962116,0.104809299645676,0.0862068965517241,-0.00869769502326547,0.958333333333333,0.966666666666667,0.449925571654709,0.283742113356894
8,30,0.35,0.1,20,1,0.2,0.08,1,16,594,"oracle_prn",1,1,1,0.916874940425947,0.385,1,NA,NA
8,30,0.35,0.1,20,1,0.2,0.08,1,16,594,"estimated_prn",1,1,1,1,0.383333333333333,1,0.528173183710772,0.226859572652432
8,30,0.35,0.1,20,1,0.2,0.08,1,16,594,"small_abs_logfc",0.560268414481898,0.116442086215001,0.1,0.0629130606371347,0.99,1,0.528173183710772,0.226859572652432
3,100,0.35,0.1,20,1,0.2,0.08,1,6,600,"oracle_prn",1,1,1,0.920918328141668,0.383333333333333,1,NA,NA
3,100,0.35,0.1,20,1,0.2,0.08,1,6,600,"estimated_prn",1,1,1,0.933239471329968,0.383333333333333,1,0.49703095909246,0.211630505630215
3,100,0.35,0.1,20,1,0.2,0.08,1,6,600,"small_abs_logfc",0.581141975308642,0.127191696104553,0.116666666666667,0.0843253314352375,1,1,0.49703095909246,0.211630505630215
8,100,0.35,0.1,20,1,0.2,0.08,1,16,600,"oracle_prn",1,1,1,0.960655778885379,0.393333333333333,1,NA,NA
8,100,0.35,0.1,20,1,0.2,0.08,1,16,600,"estimated_prn",1,1,1,1,0.393333333333333,1,0.514966339034813,0.186978835634046
8,100,0.35,0.1,20,1,0.2,0.08,1,16,600,"small_abs_logfc",0.534969135802469,0.104986659400608,0.0666666666666667,0.0363410424176965,1,1,0.514966339034813,0.186978835634046
3,30,0.35,0.5,20,1,0.2,0.08,1,6,580,"oracle_prn",1,1,1,0.921078788733256,0.381666666666667,1,NA,NA
3,30,0.35,0.5,20,1,0.2,0.08,1,6,580,"estimated_prn",0.444444444444444,0.552277572456764,0.678571428571429,-0.176167832358401,0.363333333333333,0.933333333333333,0.333431060160511,0.418574861360986
3,30,0.35,0.5,20,1,0.2,0.08,1,6,580,"small_abs_logfc",0.5254566521265,0.143992498017889,0.125,0.0260449914851421,0.966666666666667,0.933333333333333,0.333431060160511,0.418574861360986
8,30,0.35,0.5,20,1,0.2,0.08,1,16,586,"oracle_prn",1,1,1,0.916562618023539,0.388333333333333,1,NA,NA
8,30,0.35,0.5,20,1,0.2,0.08,1,16,586,"estimated_prn",0.464705882352941,0.645346999362106,0.796610169491525,-0.138470422989894,0.381666666666667,0.983333333333333,0.402211184546498,0.273491076446183
8,30,0.35,0.5,20,1,0.2,0.08,1,16,586,"small_abs_logfc",0.557939085967903,0.135152775854614,0.152542372881356,0.0603943890625818,0.976666666666667,0.983333333333333,0.402211184546498,0.273491076446183
3,100,0.35,0.5,20,1,0.2,0.08,1,6,598,"oracle_prn",1,1,1,0.941413241073981,0.393333333333333,1,NA,NA
3,100,0.35,0.5,20,1,0.2,0.08,1,6,598,"estimated_prn",0.96,0.76755729657581,0.9,0.880472587066904,0.391666666666667,1,0.311868684300162,0.3623124617896
3,100,0.35,0.5,20,1,0.2,0.08,1,6,598,"small_abs_logfc",0.431257744733581,0.0842562162201653,0.0166666666666667,-0.0715452137412976,0.996666666666667,1,0.311868684300162,0.3623124617896
8,100,0.35,0.5,20,1,0.2,0.08,1,16,599,"oracle_prn",1,1,1,0.950459147468435,0.4,1,NA,NA
8,100,0.35,0.5,20,1,0.2,0.08,1,16,599,"estimated_prn",0.961111111111111,0.74374221913944,0.883333333333333,0.88571320861992,0.4,1,0.436572332460684,0.255521549624286
8,100,0.35,0.5,20,1,0.2,0.08,1,16,599,"small_abs_logfc",0.600061842918986,0.178635254753026,0.233333333333333,0.104064574062345,0.998333333333333,1,0.436572332460684,0.255521549624286
3,30,0.35,0.1,60,1,0.2,0.08,1,6,580,"oracle_prn",1,1,1,0.691832669664533,0.718333333333333,1,NA,NA
3,30,0.35,0.1,60,1,0.2,0.08,1,6,580,"estimated_prn",0.81767955801105,0.273460690641506,0,0.45093977404191,0.693333333333333,0.9,0.603024086906263,0.355481544971323
3,30,0.35,0.1,60,1,0.2,0.08,1,6,580,"small_abs_logfc",0.559956344176876,0.106544521364322,0.0740740740740741,0.0603515142084523,0.966666666666667,0.9,0.603024086906263,0.355481544971323
8,30,0.35,0.1,60,1,0.2,0.08,1,16,588,"oracle_prn",1,1,1,0.709231411977033,0.735,1,NA,NA
8,30,0.35,0.1,60,1,0.2,0.08,1,16,588,"estimated_prn",1,1,1,0.821795660135394,0.725,1,0.729458346718731,0.284456462223645
8,30,0.35,0.1,60,1,0.2,0.08,1,16,588,"small_abs_logfc",0.605713383838384,0.143348089519293,0.2,0.110850201293141,0.98,1,0.729458346718731,0.284456462223645
3,100,0.35,0.1,60,1,0.2,0.08,1,6,599,"oracle_prn",1,1,1,0.700872109056454,0.733333333333333,1,NA,NA
3,100,0.35,0.1,60,1,0.2,0.08,1,6,599,"estimated_prn",1,1,1,0.811945041871494,0.731666666666667,1,0.73986357414368,0.287156633546892
3,100,0.35,0.1,60,1,0.2,0.08,1,6,599,"small_abs_logfc",0.524551638837353,0.11381821096081,0.0833333333333333,0.0255337675542341,0.998333333333333,1,0.73986357414368,0.287156633546892
8,100,0.35,0.1,60,1,0.2,0.08,1,16,599,"oracle_prn",1,1,1,0.698670058896895,0.738333333333333,1,NA,NA
8,100,0.35,0.1,60,1,0.2,0.08,1,16,599,"estimated_prn",1,1,1,0.730753699095714,0.738333333333333,1,0.765769298872715,0.247172906599453
8,100,0.35,0.1,60,1,0.2,0.08,1,16,599,"small_abs_logfc",0.562244897959184,0.11166770096352,0.1,0.0647348540134424,0.998333333333333,1,0.765769298872715,0.247172906599453
3,30,0.35,0.5,60,1,0.2,0.08,1,6,586,"oracle_prn",1,1,1,0.700626723147952,0.733333333333333,1,NA,NA
3,30,0.35,0.5,60,1,0.2,0.08,1,6,586,"estimated_prn",1,1,1,0.735793663753871,0.716666666666667,0.95,0.485819105571367,0.444749723017085
3,30,0.35,0.5,60,1,0.2,0.08,1,6,586,"small_abs_logfc",0.520478890989288,0.110087673944797,0.087719298245614,0.0210215791564006,0.976666666666667,0.95,0.485819105571367,0.444749723017085
8,30,0.35,0.5,60,1,0.2,0.08,1,16,593,"oracle_prn",1,1,1,0.695339841134038,0.711666666666667,1,NA,NA
8,30,0.35,0.5,60,1,0.2,0.08,1,16,593,"estimated_prn",0.986187845303867,0.793671484520246,0.916666666666667,0.724630564445006,0.703333333333333,1,0.599943739924481,0.324456688319013
8,30,0.35,0.5,60,1,0.2,0.08,1,16,593,"small_abs_logfc",0.61078799249531,0.183937835418143,0.233333333333333,0.115736000358437,0.988333333333333,1,0.599943739924481,0.324456688319013
3,100,0.35,0.5,60,1,0.2,0.08,1,6,599,"oracle_prn",1,1,1,0.702938277108339,0.726666666666667,1,NA,NA
3,100,0.35,0.5,60,1,0.2,0.08,1,6,599,"estimated_prn",0.913563829787234,0.449070883826147,0.483333333333333,0.606925340239842,0.726666666666667,1,0.557832306355982,0.404544511389824
3,100,0.35,0.5,60,1,0.2,0.08,1,6,599,"small_abs_logfc",0.603308596165739,0.138037832095784,0.116666666666667,0.107441205791809,0.998333333333333,1,0.557832306355982,0.404544511389824
8,100,0.35,0.5,60,1,0.2,0.08,1,16,599,"oracle_prn",1,1,1,0.701100365588839,0.743333333333333,1,NA,NA
8,100,0.35,0.5,60,1,0.2,0.08,1,16,599,"estimated_prn",1,1,1,0.799965802864071,0.741666666666667,1,0.685365695192769,0.337737350335711
8,100,0.35,0.5,60,1,0.2,0.08,1,16,599,"small_abs_logfc",0.508874458874459,0.0990750059865779,0.05,0.0092294600605355,0.998333333333333,1,0.685365695192769,0.337737350335711
3,30,0.35,0.1,20,0.35,0.2,0.3,1,6,486,"oracle_prn",1,1,1,0.913566831736492,0.38,1,NA,NA
3,30,0.35,0.1,20,0.35,0.2,0.3,1,6,486,"estimated_prn",0.924812030075188,0.646074389323099,0.795918367346939,0.783628300827235,0.303333333333333,0.816666666666667,0.399263542536933,0.33414297476637
3,30,0.35,0.1,20,0.35,0.2,0.3,1,6,486,"small_abs_logfc",0.493018259935553,0.0982788493411503,0.102040816326531,-0.00728211792086022,0.81,0.816666666666667,0.399263542536933,0.33414297476637
8,30,0.35,0.1,20,0.35,0.2,0.3,1,16,522,"oracle_prn",1,1,1,0.924518264170425,0.388333333333333,1,NA,NA
8,30,0.35,0.1,20,0.35,0.2,0.3,1,16,522,"estimated_prn",1,1,1,1,0.336666666666667,0.8,0.495233835855018,0.255280910560622
8,30,0.35,0.1,20,0.35,0.2,0.3,1,16,522,"small_abs_logfc",0.574674753867792,0.120749814147152,0.104166666666667,0.0747488484153523,0.87,0.8,0.495233835855018,0.255280910560622
3,100,0.35,0.1,20,0.35,0.2,0.3,1,6,590,"oracle_prn",1,1,1,0.950936841116972,0.39,1,NA,NA
3,100,0.35,0.1,20,0.35,0.2,0.3,1,6,590,"estimated_prn",1,1,1,0.953062904277929,0.385,0.95,0.519949163318502,0.266177763588419
3,100,0.35,0.1,20,0.35,0.2,0.3,1,6,590,"small_abs_logfc",0.504065040650406,0.0963646975391048,0.0701754385964912,0.00416011331637386,0.983333333333333,0.95,0.519949163318502,0.266177763588419
8,100,0.35,0.1,20,0.35,0.2,0.3,1,16,594,"oracle_prn",1,1,1,0.9329969564157,0.386666666666667,1,NA,NA
8,100,0.35,0.1,20,0.35,0.2,0.3,1,16,594,"estimated_prn",1,1,1,0.930385634479983,0.383333333333333,0.966666666666667,0.587138909385693,0.210843811742567
8,100,0.35,0.1,20,0.35,0.2,0.3,1,16,594,"small_abs_logfc",0.542267112712301,0.116448739949336,0.0862068965517241,0.0434614055196539,0.99,0.966666666666667,0.587138909385693,0.210843811742567
3,30,0.35,0.5,20,0.35,0.2,0.3,1,6,461,"oracle_prn",1,1,1,0.93725906544386,0.388333333333333,1,NA,NA
3,30,0.35,0.5,20,0.35,0.2,0.3,1,6,461,"estimated_prn",0.988805970149254,0.926408570743317,0.978723404255319,0.908697914492141,0.301666666666667,0.783333333333333,0.388687295910272,0.458778067357626
3,30,0.35,0.5,20,0.35,0.2,0.3,1,6,461,"small_abs_logfc",0.521739130434783,0.116804087365972,0.0851063829787234,0.0227867289949619,0.768333333333333,0.783333333333333,0.388687295910272,0.458778067357626
8,30,0.35,0.5,20,0.35,0.2,0.3,1,16,546,"oracle_prn",1,1,1,0.937124085601464,0.39,1,NA,NA
8,30,0.35,0.5,20,0.35,0.2,0.3,1,16,546,"estimated_prn",1,1,1,0.941967245454828,0.358333333333333,0.916666666666667,0.414575706098992,0.310319485672677
8,30,0.35,0.5,20,0.35,0.2,0.3,1,16,546,"small_abs_logfc",0.575078689131642,0.127007967096797,0.109090909090909,0.0782775962367204,0.91,0.916666666666667,0.414575706098992,0.310319485672677
3,100,0.35,0.5,20,0.35,0.2,0.3,1,6,579,"oracle_prn",1,1,1,0.933368366780037,0.381666666666667,1,NA,NA
3,100,0.35,0.5,20,0.35,0.2,0.3,1,6,579,"estimated_prn",1,1,1,1,0.373333333333333,0.95,0.353045076740814,0.376218874013806
3,100,0.35,0.5,20,0.35,0.2,0.3,1,6,579,"small_abs_logfc",0.54359077771056,0.10446749289238,0.0701754385964912,0.0449862718950117,0.965,0.95,0.353045076740814,0.376218874013806
8,100,0.35,0.5,20,0.35,0.2,0.3,1,16,597,"oracle_prn",1,1,1,0.917509450693711,0.378333333333333,1,NA,NA
8,100,0.35,0.5,20,0.35,0.2,0.3,1,16,597,"estimated_prn",1,1,1,0.937916707486108,0.378333333333333,1,0.493195004270632,0.284696246585408
8,100,0.35,0.5,20,0.35,0.2,0.3,1,16,597,"small_abs_logfc",0.588485412787089,0.149978548401998,0.2,0.0921618853334323,0.995,1,0.493195004270632,0.284696246585408
3,30,0.35,0.1,60,0.35,0.2,0.3,1,6,471,"oracle_prn",1,1,1,0.699682785179043,0.718333333333333,1,NA,NA
3,30,0.35,0.1,60,0.35,0.2,0.3,1,6,471,"estimated_prn",1,1,1,0.784663367062209,0.568333333333333,0.766666666666667,0.641971814852109,0.392169096324641
3,30,0.35,0.1,60,0.35,0.2,0.3,1,6,471,"small_abs_logfc",0.475447570332481,0.0974657923574979,0.0652173913043478,-0.0252486726223202,0.785,0.766666666666667,0.641971814852109,0.392169096324641
8,30,0.35,0.1,60,0.35,0.2,0.3,1,16,546,"oracle_prn",1,1,1,0.69832951965046,0.73,1,NA,NA
8,30,0.35,0.1,60,0.35,0.2,0.3,1,16,546,"estimated_prn",1,1,1,0.747788070637389,0.675,0.916666666666667,0.758744769153909,0.339438592418816
8,30,0.35,0.1,60,0.35,0.2,0.3,1,16,546,"small_abs_logfc",0.508239214960193,0.102306499352849,0.0909090909090909,0.00859026641808645,0.91,0.916666666666667,0.758744769153909,0.339438592418816
3,100,0.35,0.1,60,0.35,0.2,0.3,1,6,584,"oracle_prn",1,1,1,0.70084964642386,0.72,1,NA,NA
3,100,0.35,0.1,60,0.35,0.2,0.3,1,6,584,"estimated_prn",1,1,1,1,0.698333333333333,0.95,0.715870165921616,0.337993364093842
3,100,0.35,0.1,60,0.35,0.2,0.3,1,6,584,"small_abs_logfc",0.516029162089284,0.118202036017213,0.105263157894737,0.0164790423034039,0.973333333333333,0.95,0.715870165921616,0.337993364093842
8,100,0.35,0.1,60,0.35,0.2,0.3,1,16,596,"oracle_prn",1,1,1,0.694694853356787,0.726666666666667,1,NA,NA
8,100,0.35,0.1,60,0.35,0.2,0.3,1,16,596,"estimated_prn",1,1,1,0.727009397731216,0.725,0.983333333333333,0.820117309828449,0.307135627374055
8,100,0.35,0.1,60,0.35,0.2,0.3,1,16,596,"small_abs_logfc",0.442256099485529,0.0904857834178649,0.0677966101694915,-0.0597398653982268,0.993333333333333,0.983333333333333,0.820117309828449,0.307135627374055
3,30,0.35,0.5,60,0.35,0.2,0.3,1,6,484,"oracle_prn",1,1,1,0.69744028765154,0.715,1,NA,NA
3,30,0.35,0.5,60,0.35,0.2,0.3,1,6,484,"estimated_prn",1,1,1,1,0.593333333333333,0.816666666666667,0.444796864881683,0.503467286243157
3,30,0.35,0.5,60,0.35,0.2,0.3,1,6,484,"small_abs_logfc",0.510250996950504,0.105368005156823,0.0612244897959184,0.0107116151582627,0.806666666666667,0.816666666666667,0.444796864881683,0.503467286243157
8,30,0.35,0.5,60,0.35,0.2,0.3,1,16,532,"oracle_prn",1,1,1,0.695014984508136,0.713333333333333,1,NA,NA
8,30,0.35,0.5,60,0.35,0.2,0.3,1,16,532,"estimated_prn",1,1,1,1,0.636666666666667,0.9,0.692752690318568,0.377391666008177
8,30,0.35,0.5,60,0.35,0.2,0.3,1,16,532,"small_abs_logfc",0.602897876956454,0.135164637976053,0.185185185185185,0.107645777880825,0.886666666666667,0.9,0.692752690318568,0.377391666008177
3,100,0.35,0.5,60,0.35,0.2,0.3,1,6,580,"oracle_prn",1,1,1,0.696519941319135,0.723333333333333,1,NA,NA
3,100,0.35,0.5,60,0.35,0.2,0.3,1,6,580,"estimated_prn",1,1,1,0.805175879039047,0.698333333333333,0.983333333333333,0.531289403604587,0.439293414538527
3,100,0.35,0.5,60,0.35,0.2,0.3,1,6,580,"small_abs_logfc",0.480171768762809,0.0999223418184117,0.0847457627118644,-0.0207630962622175,0.966666666666667,0.983333333333333,0.531289403604587,0.439293414538527
8,100,0.35,0.5,60,0.35,0.2,0.3,1,16,594,"oracle_prn",1,1,1,0.700109698388018,0.715,1,NA,NA
8,100,0.35,0.5,60,0.35,0.2,0.3,1,16,594,"estimated_prn",1,1,1,0.739625164850061,0.708333333333333,0.983333333333333,0.723920537111541,0.336872880592683
8,100,0.35,0.5,60,0.35,0.2,0.3,1,16,594,"small_abs_logfc",0.512371297322984,0.105402343214217,0.0677966101694915,0.0128180787335417,0.99,0.983333333333333,0.723920537111541,0.336872880592683
3,30,0.35,0.1,20,1,0.2,0.3,1,6,586,"oracle_prn",1,1,1,0.929038101451207,0.383333333333333,1,NA,NA
3,30,0.35,0.1,20,1,0.2,0.3,1,6,586,"estimated_prn",1,1,1,0.960466942662407,0.376666666666667,0.983333333333333,0.517489871377936,0.276240931999746
3,30,0.35,0.1,20,1,0.2,0.3,1,6,586,"small_abs_logfc",0.628212137780208,0.141318123375658,0.11864406779661,0.133645424367462,0.976666666666667,0.983333333333333,0.517489871377936,0.276240931999746
8,30,0.35,0.1,20,1,0.2,0.3,1,16,586,"oracle_prn",1,1,1,0.913901409936186,0.376666666666667,1,NA,NA
8,30,0.35,0.1,20,1,0.2,0.3,1,16,586,"estimated_prn",1,1,1,1,0.371666666666667,0.983333333333333,0.548768115539058,0.237992104477078
8,30,0.35,0.1,20,1,0.2,0.3,1,16,586,"small_abs_logfc",0.613096195285112,0.129743424672535,0.135593220338983,0.117888908764124,0.976666666666667,0.983333333333333,0.548768115539058,0.237992104477078
3,100,0.35,0.1,20,1,0.2,0.3,1,6,597,"oracle_prn",1,1,1,0.937128128184977,0.39,1,NA,NA
3,100,0.35,0.1,20,1,0.2,0.3,1,6,597,"estimated_prn",1,1,1,0.976148633016262,0.388333333333333,0.983333333333333,0.561684442907001,0.238896162077931
3,100,0.35,0.1,20,1,0.2,0.3,1,6,597,"small_abs_logfc",0.591172578917523,0.143312403684227,0.186440677966102,0.0942536732012095,0.995,0.983333333333333,0.561684442907001,0.238896162077931
8,100,0.35,0.1,20,1,0.2,0.3,1,16,600,"oracle_prn",1,1,1,0.932998313272256,0.386666666666667,1,NA,NA
8,100,0.35,0.1,20,1,0.2,0.3,1,16,600,"estimated_prn",1,1,1,0.941804666602799,0.386666666666667,1,0.594069444187419,0.218353928407961
8,100,0.35,0.1,20,1,0.2,0.3,1,16,600,"small_abs_logfc",0.542623456790123,0.124393235396282,0.1,0.0442956571746151,1,1,0.594069444187419,0.218353928407961
3,30,0.35,0.5,20,1,0.2,0.3,1,6,579,"oracle_prn",1,1,1,0.946115305004572,0.391666666666667,1,NA,NA
3,30,0.35,0.5,20,1,0.2,0.3,1,6,579,"estimated_prn",0.469325153374233,0.67670861452398,0.827586206896552,-0.12981569748123,0.368333333333333,0.966666666666667,0.314730223212748,0.432389344483777
3,30,0.35,0.5,20,1,0.2,0.3,1,6,579,"small_abs_logfc",0.446720497716593,0.0871295103449095,0.0689655172413793,-0.0554122423062729,0.965,0.966666666666667,0.314730223212748,0.432389344483777
8,30,0.35,0.5,20,1,0.2,0.3,1,16,595,"oracle_prn",1,1,1,0.933607454980527,0.378333333333333,1,NA,NA
8,30,0.35,0.5,20,1,0.2,0.3,1,16,595,"estimated_prn",1,1,1,1,0.378333333333333,1,0.483357461993724,0.285728304815565
8,30,0.35,0.5,20,1,0.2,0.3,1,16,595,"small_abs_logfc",0.488255451713396,0.107631823852994,0.116666666666667,-0.0122507620540666,0.991666666666667,1,0.483357461993724,0.285728304815565
3,100,0.35,0.5,20,1,0.2,0.3,1,6,600,"oracle_prn",1,1,1,0.937034624389204,0.391666666666667,1,NA,NA
3,100,0.35,0.5,20,1,0.2,0.3,1,6,600,"estimated_prn",0.971428571428571,0.793671484520246,0.916666666666667,0.883479728704484,0.391666666666667,1,0.420008548051554,0.373986002454036
3,100,0.35,0.5,20,1,0.2,0.3,1,6,600,"small_abs_logfc",0.551543209876543,0.120321835165495,0.133333333333333,0.0535653493711855,1,1,0.420008548051554,0.373986002454036
8,100,0.35,0.5,20,1,0.2,0.3,1,16,598,"oracle_prn",1,1,1,0.940935613642659,0.401666666666667,1,NA,NA
8,100,0.35,0.5,20,1,0.2,0.3,1,16,598,"estimated_prn",1,1,1,0.975897171851375,0.4,0.983333333333333,0.483430519132069,0.281248340667994
8,100,0.35,0.5,20,1,0.2,0.3,1,16,598,"small_abs_logfc",0.49042482940788,0.101614752246914,0.135593220338983,-0.00989138155374254,0.996666666666667,0.983333333333333,0.483430519132069,0.281248340667994
3,30,0.35,0.1,60,1,0.2,0.3,1,6,583,"oracle_prn",1,1,1,0.703871068839445,0.718333333333333,1,NA,NA
3,30,0.35,0.1,60,1,0.2,0.3,1,6,583,"estimated_prn",1,1,1,0.744952743932809,0.693333333333333,0.983333333333333,0.689248521904127,0.358882833774514
3,30,0.35,0.1,60,1,0.2,0.3,1,6,583,"small_abs_logfc",0.557445982662699,0.129480803437818,0.135593220338983,0.0600169635463403,0.971666666666667,0.983333333333333,0.689248521904127,0.358882833774514
8,30,0.35,0.1,60,1,0.2,0.3,1,16,593,"oracle_prn",1,1,1,0.706486420461778,0.72,1,NA,NA
8,30,0.35,0.1,60,1,0.2,0.3,1,16,593,"estimated_prn",1,1,1,0.812883205009177,0.715,1,0.807379268540583,0.301196631868812
8,30,0.35,0.1,60,1,0.2,0.3,1,16,593,"small_abs_logfc",0.475703564727955,0.0996968966857537,0.0666666666666667,-0.0253815614672609,0.988333333333333,1,0.807379268540583,0.301196631868812
3,100,0.35,0.1,60,1,0.2,0.3,1,6,600,"oracle_prn",1,1,1,0.701400824044615,0.726666666666667,1,NA,NA
3,100,0.35,0.1,60,1,0.2,0.3,1,6,600,"estimated_prn",1,1,1,0.828333081827574,0.726666666666667,1,0.807515413206704,0.316412739652217
3,100,0.35,0.1,60,1,0.2,0.3,1,6,600,"small_abs_logfc",0.518425925925926,0.131937641691149,0.133333333333333,0.0191488105237112,1,1,0.807515413206704,0.316412739652217
8,100,0.35,0.1,60,1,0.2,0.3,1,16,599,"oracle_prn",1,1,1,0.725730564747386,0.753333333333333,1,NA,NA
8,100,0.35,0.1,60,1,0.2,0.3,1,16,599,"estimated_prn",1,1,1,1,0.751666666666667,0.983333333333333,0.832524072113087,0.297461920665202
8,100,0.35,0.1,60,1,0.2,0.3,1,16,599,"small_abs_logfc",0.482956685499058,0.0914825334719829,0.0508474576271186,-0.0175930586171193,0.998333333333333,0.983333333333333,0.832524072113087,0.297461920665202
3,30,0.35,0.5,60,1,0.2,0.3,1,6,581,"oracle_prn",1,1,1,0.698114830279703,0.71,1,NA,NA
3,30,0.35,0.5,60,1,0.2,0.3,1,6,581,"estimated_prn",1,1,1,0.727411253516328,0.686666666666667,0.933333333333333,0.600688887274699,0.464603635611524
3,30,0.35,0.5,60,1,0.2,0.3,1,6,581,"small_abs_logfc",0.54421768707483,0.138593185666283,0.160714285714286,0.0452048279879383,0.968333333333333,0.933333333333333,0.600688887274699,0.464603635611524
8,30,0.35,0.5,60,1,0.2,0.3,1,16,591,"oracle_prn",1,1,1,0.710999622254123,0.733333333333333,1,NA,NA
8,30,0.35,0.5,60,1,0.2,0.3,1,16,591,"estimated_prn",1,1,1,0.822534427912477,0.723333333333333,0.983333333333333,0.717907936114467,0.334348207347226
8,30,0.35,0.5,60,1,0.2,0.3,1,16,591,"small_abs_logfc",0.518669555244042,0.105377282367018,0.101694915254237,0.019387399426343,0.985,0.983333333333333,0.717907936114467,0.334348207347226
3,100,0.35,0.5,60,1,0.2,0.3,1,6,599,"oracle_prn",1,1,1,0.711513191533914,0.728333333333333,1,NA,NA
3,100,0.35,0.5,60,1,0.2,0.3,1,6,599,"estimated_prn",1,1,1,0.708177347001451,0.726666666666667,0.983333333333333,0.607299080220527,0.431934968166186
3,100,0.35,0.5,60,1,0.2,0.3,1,6,599,"small_abs_logfc",0.446704331450094,0.0981008909641763,0.11864406779661,-0.0550147578855774,0.998333333333333,0.983333333333333,0.607299080220527,0.431934968166186
8,100,0.35,0.5,60,1,0.2,0.3,1,16,600,"oracle_prn",1,1,1,0.705013518010487,0.721666666666667,1,NA,NA
8,100,0.35,0.5,60,1,0.2,0.3,1,16,600,"estimated_prn",1,1,1,0.704831082632465,0.721666666666667,1,0.748268693701445,0.343664250178906
8,100,0.35,0.5,60,1,0.2,0.3,1,16,600,"small_abs_logfc",0.505586419753086,0.109808993476989,0.1,0.0058055857701704,1,1,0.748268693701445,0.343664250178906
3,30,0.35,0.1,20,0.35,0.2,0.08,2,6,475,"oracle_prn",1,1,1,0.933496057273954,0.38,1,NA,NA
3,30,0.35,0.1,20,0.35,0.2,0.08,2,6,475,"estimated_prn",1,1,1,0.967537055677133,0.306666666666667,0.85,0.392373809780012,0.331802926620761
3,30,0.35,0.1,20,0.35,0.2,0.08,2,6,475,"small_abs_logfc",0.617508324084351,0.169891842451259,0.156862745098039,0.126018592457842,0.791666666666667,0.85,0.392373809780012,0.331802926620761
8,30,0.35,0.1,20,0.35,0.2,0.08,2,16,523,"oracle_prn",1,1,1,0.937566154437558,0.383333333333333,1,NA,NA
8,30,0.35,0.1,20,0.35,0.2,0.08,2,16,523,"estimated_prn",0.941176470588235,0.673370207238209,0.823529411764706,0.831997311446622,0.34,0.85,0.476644077348544,0.264042400771502
8,30,0.35,0.1,20,0.35,0.2,0.08,2,16,523,"small_abs_logfc",0.521311066799601,0.106162698290539,0.137254901960784,0.0219003474893488,0.871666666666667,0.85,0.476644077348544,0.264042400771502
3,100,0.35,0.1,20,0.35,0.2,0.08,2,6,577,"oracle_prn",1,1,1,0.928791165924906,0.386666666666667,1,NA,NA
3,100,0.35,0.1,20,0.35,0.2,0.08,2,6,577,"estimated_prn",1,1,1,1,0.378333333333333,0.983333333333333,0.427428451395114,0.266983591537806
3,100,0.35,0.1,20,0.35,0.2,0.08,2,6,577,"small_abs_logfc",0.516981872914076,0.119515055923011,0.186440677966102,0.017823456653096,0.961666666666667,0.983333333333333,0.427428451395114,0.266983591537806
8,100,0.35,0.1,20,0.35,0.2,0.08,2,16,594,"oracle_prn",1,1,1,0.928898043819159,0.385,1,NA,NA
8,100,0.35,0.1,20,0.35,0.2,0.08,2,16,594,"estimated_prn",1,1,1,0.950217681034875,0.383333333333333,0.983333333333333,0.531649369501752,0.212166621947735
8,100,0.35,0.1,20,0.35,0.2,0.08,2,16,594,"small_abs_logfc",0.564295897354665,0.131314081353907,0.169491525423729,0.0666179021503787,0.99,0.983333333333333,0.531649369501752,0.212166621947735
3,30,0.35,0.5,20,0.35,0.2,0.08,2,6,473,"oracle_prn",1,1,1,0.933118342979638,0.385,1,NA,NA
3,30,0.35,0.5,20,0.35,0.2,0.08,2,6,473,"estimated_prn",0.982876712328767,0.865351250439473,0.953488372093023,0.882809517739087,0.315,0.716666666666667,0.271447834113848,0.429189862908265
3,30,0.35,0.5,20,0.35,0.2,0.08,2,6,473,"small_abs_logfc",0.54986479177934,0.127862883904456,0.13953488372093,0.0496584224024321,0.788333333333333,0.716666666666667,0.271447834113848,0.429189862908265
8,30,0.35,0.5,20,0.35,0.2,0.08,2,16,525,"oracle_prn",1,1,1,0.946294693626222,0.388333333333333,1,NA,NA
8,30,0.35,0.5,20,0.35,0.2,0.08,2,16,525,"estimated_prn",0.97682119205298,0.842747017653779,0.943396226415094,0.907551607810542,0.34,0.883333333333333,0.375866115910083,0.32249946622162
8,30,0.35,0.5,20,0.35,0.2,0.08,2,16,525,"small_abs_logfc",0.570235049568276,0.143678297827995,0.132075471698113,0.0732984742816869,0.875,0.883333333333333,0.375866115910083,0.32249946622162
3,100,0.35,0.5,20,0.35,0.2,0.08,2,6,577,"oracle_prn",1,1,1,0.950930857228571,0.39,1,NA,NA
3,100,0.35,0.5,20,0.35,0.2,0.08,2,6,577,"estimated_prn",0.481366459627329,0.760182536452024,0.894736842105263,-0.100087292484644,0.363333333333333,0.95,0.305093577750701,0.38622837497802
3,100,0.35,0.5,20,0.35,0.2,0.08,2,6,577,"small_abs_logfc",0.557557354925776,0.147449831447174,0.157894736842105,0.0594915643897641,0.961666666666667,0.95,0.305093577750701,0.38622837497802
8,100,0.35,0.5,20,0.35,0.2,0.08,2,16,597,"oracle_prn",1,1,1,0.941908918270352,0.385,1,NA,NA
8,100,0.35,0.5,20,0.35,0.2,0.08,2,16,597,"estimated_prn",0.45906432748538,0.618159340179943,0.766666666666667,-0.150362734806357,0.385,1,0.400123316179098,0.279939308552063
8,100,0.35,0.5,20,0.35,0.2,0.08,2,16,597,"small_abs_logfc",0.528615766604593,0.10534563706185,0.0833333333333333,0.0298047205462731,0.995,1,0.400123316179098,0.279939308552063
3,30,0.35,0.1,60,0.35,0.2,0.08,2,6,489,"oracle_prn",1,1,1,0.701578212767445,0.738333333333333,1,NA,NA
3,30,0.35,0.1,60,0.35,0.2,0.08,2,6,489,"estimated_prn",0.996904024767802,0.926408570743317,0.978723404255319,0.679925754041981,0.616666666666667,0.783333333333333,0.596498335430269,0.409724222260908
3,30,0.35,0.1,60,0.35,0.2,0.08,2,6,489,"small_abs_logfc",0.489121016655435,0.110913845830873,0.148936170212766,-0.0111078766278068,0.815,0.783333333333333,0.596498335430269,0.409724222260908
8,30,0.35,0.1,60,0.35,0.2,0.08,2,16,519,"oracle_prn",1,1,1,0.709565500711055,0.746666666666667,1,NA,NA
8,30,0.35,0.1,60,0.35,0.2,0.08,2,16,519,"estimated_prn",1,1,1,0.742449306131419,0.651666666666667,0.883333333333333,0.689193484710505,0.324170771996621
8,30,0.35,0.1,60,0.35,0.2,0.08,2,16,519,"small_abs_logfc",0.488541582314357,0.122054175763417,0.0754716981132075,-0.0120193121349874,0.865,0.883333333333333,0.689193484710505,0.324170771996621
3,100,0.35,0.1,60,0.35,0.2,0.08,2,6,577,"oracle_prn",1,1,1,0.692039264639696,0.726666666666667,1,NA,NA
3,100,0.35,0.1,60,0.35,0.2,0.08,2,6,577,"estimated_prn",1,1,1,0.731960513691493,0.698333333333333,0.933333333333333,0.687649723303993,0.330913301352674
3,100,0.35,0.1,60,0.35,0.2,0.08,2,6,577,"small_abs_logfc",0.503221826158486,0.113842253880214,0.142857142857143,0.00330392698094987,0.961666666666667,0.933333333333333,0.687649723303993,0.330913301352674
8,100,0.35,0.1,60,0.35,0.2,0.08,2,16,593,"oracle_prn",1,1,1,0.714075764736681,0.733333333333333,1,NA,NA
8,100,0.35,0.1,60,0.35,0.2,0.08,2,16,593,"estimated_prn",1,1,1,0.742971505709434,0.728333333333333,1,0.747835998824295,0.264970197205258
8,100,0.35,0.1,60,0.35,0.2,0.08,2,16,593,"small_abs_logfc",0.589931207004378,0.135214077220736,0.15,0.0939477101413674,0.988333333333333,1,0.747835998824295,0.264970197205258
3,30,0.35,0.5,60,0.35,0.2,0.08,2,6,491,"oracle_prn",1,1,1,0.702726028236118,0.74,1,NA,NA
3,30,0.35,0.5,60,0.35,0.2,0.08,2,6,491,"estimated_prn",0.402208201892744,0.267576640733582,0,-0.176564902064753,0.61,0.816666666666667,0.50992597838367,0.477483669860209
3,30,0.35,0.5,60,0.35,0.2,0.08,2,6,491,"small_abs_logfc",0.532967032967033,0.106366956199412,0.0816326530612245,0.0342293828311666,0.818333333333333,0.816666666666667,0.50992597838367,0.477483669860209
8,30,0.35,0.5,60,0.35,0.2,0.08,2,16,518,"oracle_prn",1,1,1,0.707630343690587,0.71,1,NA,NA
8,30,0.35,0.5,60,0.35,0.2,0.08,2,16,518,"estimated_prn",0.911764705882353,0.440536356086597,0.46,0.571196783397073,0.621666666666667,0.833333333333333,0.587087837062422,0.37517318571443
8,30,0.35,0.5,60,0.35,0.2,0.08,2,16,518,"small_abs_logfc",0.475982905982906,0.0926442466285846,0.08,-0.0245691459057899,0.863333333333333,0.833333333333333,0.587087837062422,0.37517318571443
3,100,0.35,0.5,60,0.35,0.2,0.08,2,6,589,"oracle_prn",1,1,1,0.696544494125055,0.733333333333333,1,NA,NA
3,100,0.35,0.5,60,0.35,0.2,0.08,2,6,589,"estimated_prn",0.901069518716578,0.40368742221581,0.362068965517241,0.574893515343789,0.72,0.966666666666667,0.554350298046761,0.427527763252041
3,100,0.35,0.5,60,0.35,0.2,0.08,2,6,589,"small_abs_logfc",0.501818299889603,0.103828782561683,0.0862068965517241,0.00187673400799412,0.981666666666667,0.966666666666667,0.554350298046761,0.427527763252041
8,100,0.35,0.5,60,0.35,0.2,0.08,2,16,593,"oracle_prn",1,1,1,0.720455847212421,0.718333333333333,1,NA,NA
8,100,0.35,0.5,60,0.35,0.2,0.08,2,16,593,"estimated_prn",1,1,1,0.743210076252758,0.711666666666667,0.983333333333333,0.63805113483507,0.341033905278672
8,100,0.35,0.5,60,0.35,0.2,0.08,2,16,593,"small_abs_logfc",0.474830191074716,0.102017299403818,0.0847457627118644,-0.0260983529495111,0.988333333333333,0.983333333333333,0.63805113483507,0.341033905278672
3,30,0.35,0.1,20,1,0.2,0.08,2,6,582,"oracle_prn",1,1,1,0.910987510009232,0.37,1,NA,NA
3,30,0.35,0.1,20,1,0.2,0.08,2,6,582,"estimated_prn",1,1,1,0.937535527328743,0.365,0.983333333333333,0.384061388295023,0.295261280936375
3,30,0.35,0.1,20,1,0.2,0.08,2,6,582,"small_abs_logfc",0.48728003370386,0.128050682726846,0.101694915254237,-0.0132993706626723,0.97,0.983333333333333,0.384061388295023,0.295261280936375
8,30,0.35,0.1,20,1,0.2,0.08,2,16,586,"oracle_prn",1,1,1,0.929416351580507,0.378333333333333,1,NA,NA
8,30,0.35,0.1,20,1,0.2,0.08,2,16,586,"estimated_prn",0.98780487804878,0.891652072692383,0.966101694915254,0.923022139886382,0.371666666666667,0.983333333333333,0.468765393650448,0.228782078527213
8,30,0.35,0.1,20,1,0.2,0.08,2,16,586,"small_abs_logfc",0.482295050332872,0.0975112941152085,0.101694915254237,-0.0184552379566757,0.976666666666667,0.983333333333333,0.468765393650448,0.228782078527213
3,100,0.35,0.1,20,1,0.2,0.08,2,6,600,"oracle_prn",1,1,1,0.933360663013724,0.381666666666667,1,NA,NA
3,100,0.35,0.1,20,1,0.2,0.08,2,6,600,"estimated_prn",0.455621301775148,0.604218340668986,0.75,-0.157639767054546,0.381666666666667,1,0.516904773254497,0.219477812439623
3,100,0.35,0.1,20,1,0.2,0.08,2,6,600,"small_abs_logfc",0.567716049382716,0.133392596606507,0.133333333333333,0.0703726805511263,1,1,0.516904773254497,0.219477812439623
8,100,0.35,0.1,20,1,0.2,0.08,2,16,600,"oracle_prn",1,1,1,0.938015146081524,0.376666666666667,1,NA,NA
8,100,0.35,0.1,20,1,0.2,0.08,2,16,600,"estimated_prn",1,1,1,1,0.376666666666667,1,0.488201972520665,0.198391368896034
8,100,0.35,0.1,20,1,0.2,0.08,2,16,600,"small_abs_logfc",0.604475308641975,0.1854704826735,0.25,0.108574076420038,1,1,0.488201972520665,0.198391368896034
3,30,0.35,0.5,20,1,0.2,0.08,2,6,579,"oracle_prn",1,1,1,0.920632167288935,0.386666666666667,1,NA,NA
3,30,0.35,0.5,20,1,0.2,0.08,2,6,579,"estimated_prn",0.478915662650602,0.735837959194028,0.87719298245614,-0.105471709578598,0.371666666666667,0.95,0.291584110836186,0.400127910155201
3,30,0.35,0.5,20,1,0.2,0.08,2,6,579,"small_abs_logfc",0.532466223028837,0.126752855771196,0.087719298245614,0.0335055810721521,0.965,0.95,0.291584110836186,0.400127910155201
8,30,0.35,0.5,20,1,0.2,0.08,2,16,590,"oracle_prn",1,1,1,0.917664137056717,0.376666666666667,1,NA,NA
8,30,0.35,0.5,20,1,0.2,0.08,2,16,590,"estimated_prn",0.438650306748466,0.537040898636644,0.655172413793103,-0.187888906407828,0.368333333333333,0.966666666666667,0.313178924756082,0.295886541288844
8,30,0.35,0.5,20,1,0.2,0.08,2,16,590,"small_abs_logfc",0.623347161005963,0.15658460731484,0.172413793103448,0.127214966005305,0.983333333333333,0.966666666666667,0.313178924756082,0.295886541288844
3,100,0.35,0.5,20,1,0.2,0.08,2,6,598,"oracle_prn",1,1,1,0.937341571158862,0.386666666666667,1,NA,NA
3,100,0.35,0.5,20,1,0.2,0.08,2,6,598,"estimated_prn",1,1,1,0.966024592780495,0.386666666666667,1,0.34904787065955,0.353916318181576
3,100,0.35,0.5,20,1,0.2,0.08,2,6,598,"small_abs_logfc",0.496685254027261,0.101192186125693,0.0666666666666667,-0.00344990440302787,0.996666666666667,1,0.34904787065955,0.353916318181576
8,100,0.35,0.5,20,1,0.2,0.08,2,16,599,"oracle_prn",1,1,1,0.950931561209579,0.39,1,NA,NA
8,100,0.35,0.5,20,1,0.2,0.08,2,16,599,"estimated_prn",1,1,1,0.960780902988568,0.39,1,0.48050171283264,0.248516359018397
8,100,0.35,0.5,20,1,0.2,0.08,2,16,599,"small_abs_logfc",0.546382189239332,0.113172731335689,0.1,0.048237596135203,0.998333333333333,1,0.48050171283264,0.248516359018397
3,30,0.35,0.1,60,1,0.2,0.08,2,6,582,"oracle_prn",1,1,1,0.708550062107598,0.741666666666667,1,NA,NA
3,30,0.35,0.1,60,1,0.2,0.08,2,6,582,"estimated_prn",0.915775401069519,0.441885462321941,0.46551724137931,0.589125895677932,0.72,0.966666666666667,0.629544497922824,0.333691955874344
3,30,0.35,0.1,60,1,0.2,0.08,2,6,582,"small_abs_logfc",0.58969465648855,0.134510547550448,0.155172413793103,0.0930710236732585,0.97,0.966666666666667,0.629544497922824,0.333691955874344
8,30,0.35,0.1,60,1,0.2,0.08,2,16,590,"oracle_prn",1,1,1,0.709643726768443,0.731666666666667,1,NA,NA
8,30,0.35,0.1,60,1,0.2,0.08,2,16,590,"estimated_prn",1,1,1,0.81678211135773,0.718333333333333,0.966666666666667,0.729722646045526,0.300843918317581
8,30,0.35,0.1,60,1,0.2,0.08,2,16,590,"small_abs_logfc",0.471123930515945,0.0863914806129234,0,-0.0297815382844789,0.983333333333333,0.966666666666667,0.729722646045526,0.300843918317581
3,100,0.35,0.1,60,1,0.2,0.08,2,6,597,"oracle_prn",1,1,1,0.706469452258715,0.72,1,NA,NA
3,100,0.35,0.1,60,1,0.2,0.08,2,6,597,"estimated_prn",1,1,1,1,0.718333333333333,1,0.751064549658317,0.280529838945208
3,100,0.35,0.1,60,1,0.2,0.08,2,6,597,"small_abs_logfc",0.534140285536934,0.105439104383731,0.1,0.0355587772244039,0.995,1,0.751064549658317,0.280529838945208
8,100,0.35,0.1,60,1,0.2,0.08,2,16,599,"oracle_prn",1,1,1,0.711523145834826,0.743333333333333,1,NA,NA
8,100,0.35,0.1,60,1,0.2,0.08,2,16,599,"estimated_prn",0.919480519480519,0.456208264035938,0.5,0.597160521267745,0.741666666666667,1,0.788289419318262,0.261078609256645
8,100,0.35,0.1,60,1,0.2,0.08,2,16,599,"small_abs_logfc",0.482560296846011,0.0913421033449742,0.05,-0.0181373361468363,0.998333333333333,1,0.788289419318262,0.261078609256645
3,30,0.35,0.5,60,1,0.2,0.08,2,6,581,"oracle_prn",1,1,1,0.708609555701261,0.741666666666667,1,NA,NA
3,30,0.35,0.5,60,1,0.2,0.08,2,6,581,"estimated_prn",0.447721179624665,0.388849399365902,0.315789473684211,-0.123284498661367,0.716666666666667,0.95,0.446828290590269,0.451268389130897
3,30,0.35,0.5,60,1,0.2,0.08,2,6,581,"small_abs_logfc",0.482389179054507,0.109545724914653,0.087719298245614,-0.0181467061499537,0.968333333333333,0.95,0.446828290590269,0.451268389130897
8,30,0.35,0.5,60,1,0.2,0.08,2,16,586,"oracle_prn",1,1,1,0.693003882612595,0.73,1,NA,NA
8,30,0.35,0.5,60,1,0.2,0.08,2,16,586,"estimated_prn",1,1,1,0.733787949110789,0.713333333333333,0.966666666666667,0.629280103612103,0.340944490113104
8,30,0.35,0.5,60,1,0.2,0.08,2,16,586,"small_abs_logfc",0.511135057471264,0.102210609711329,0.0862068965517241,0.0115190605274238,0.976666666666667,0.966666666666667,0.629280103612103,0.340944490113104
3,100,0.35,0.5,60,1,0.2,0.08,2,6,598,"oracle_prn",1,1,1,0.702340277850783,0.718333333333333,1,NA,NA
3,100,0.35,0.5,60,1,0.2,0.08,2,6,598,"estimated_prn",0.446091644204852,0.387080366481218,0.310344827586207,-0.126624551581819,0.715,0.966666666666667,0.517491312794883,0.406604700040844
3,100,0.35,0.5,60,1,0.2,0.08,2,6,598,"small_abs_logfc",0.478512132822478,0.102983468887037,0.120689655172414,-0.0220289721460408,0.996666666666667,0.966666666666667,0.517491312794883,0.406604700040844
8,100,0.35,0.5,60,1,0.2,0.08,2,16,600,"oracle_prn",1,1,1,0.689962267471599,0.723333333333333,1,NA,NA
8,100,0.35,0.5,60,1,0.2,0.08,2,16,600,"estimated_prn",1,1,1,0.725011630458414,0.723333333333333,1,0.642444223505841,0.341250487714078
8,100,0.35,0.5,60,1,0.2,0.08,2,16,600,"small_abs_logfc",0.460185185185185,0.0905742278058348,0.05,-0.041376826759778,1,1,0.642444223505841,0.341250487714078
3,30,0.35,0.1,20,0.35,0.2,0.3,2,6,456,"oracle_prn",1,1,1,0.907856887339082,0.366666666666667,1,NA,NA
3,30,0.35,0.1,20,0.35,0.2,0.3,2,6,456,"estimated_prn",1,1,1,0.960138147544761,0.271666666666667,0.7,0.41196428454283,0.367817475514156
3,30,0.35,0.1,20,0.35,0.2,0.3,2,6,456,"small_abs_logfc",0.520473890039107,0.101821925706936,0.0952380952380952,0.020509355209925,0.76,0.7,0.41196428454283,0.367817475514156
8,30,0.35,0.1,20,0.35,0.2,0.3,2,16,525,"oracle_prn",1,1,1,0.913568490547003,0.38,1,NA,NA
8,30,0.35,0.1,20,0.35,0.2,0.3,2,16,525,"estimated_prn",1,1,1,0.923673266373485,0.335,0.9,0.524429286064786,0.267668201977939
8,30,0.35,0.1,20,0.35,0.2,0.3,2,16,525,"small_abs_logfc",0.553668317999528,0.122300318668695,0.111111111111111,0.056475154195112,0.875,0.9,0.524429286064786,0.267668201977939
3,100,0.35,0.1,20,0.35,0.2,0.3,2,6,583,"oracle_prn",1,1,1,0.937126106886681,0.39,1,NA,NA
3,100,0.35,0.1,20,0.35,0.2,0.3,2,6,583,"estimated_prn",1,1,1,0.970653708080357,0.386666666666667,0.983333333333333,0.494029769770181,0.269321504538473
3,100,0.35,0.1,20,0.35,0.2,0.3,2,6,583,"small_abs_logfc",0.588530210894035,0.123912834378052,0.0847457627118644,0.0924923587986111,0.971666666666667,0.983333333333333,0.494029769770181,0.269321504538473
8,100,0.35,0.1,20,0.35,0.2,0.3,2,16,594,"oracle_prn",1,1,1,0.917515223554444,0.378333333333333,1,NA,NA
8,100,0.35,0.1,20,0.35,0.2,0.3,2,16,594,"estimated_prn",1,1,1,0.917498923992891,0.378333333333333,1,0.59161392636459,0.224337280066577
8,100,0.35,0.1,20,0.35,0.2,0.3,2,16,594,"small_abs_logfc",0.548314606741573,0.108285281163374,0.1,0.0504347063005099,0.99,1,0.59161392636459,0.224337280066577
3,30,0.35,0.5,20,0.35,0.2,0.3,2,6,473,"oracle_prn",1,1,1,0.920648137039533,0.386666666666667,1,NA,NA
3,30,0.35,0.5,20,0.35,0.2,0.3,2,6,473,"estimated_prn",1,1,1,0.945492165320276,0.301666666666667,0.783333333333333,0.34073978482915,0.462816199008415
3,30,0.35,0.5,20,0.35,0.2,0.3,2,6,473,"small_abs_logfc",0.547048246928379,0.117171917055677,0.170212765957447,0.0487559504653372,0.788333333333333,0.783333333333333,0.34073978482915,0.462816199008415
8,30,0.35,0.5,20,0.35,0.2,0.3,2,16,524,"oracle_prn",1,1,1,0.942318558129668,0.378333333333333,1,NA,NA
8,30,0.35,0.5,20,0.35,0.2,0.3,2,16,524,"estimated_prn",1,1,1,0.992696189517027,0.325,0.833333333333333,0.460866525429563,0.332401744896601
8,30,0.35,0.5,20,0.35,0.2,0.3,2,16,524,"small_abs_logfc",0.572995780590717,0.134056094868996,0.2,0.0742902905721122,0.873333333333333,0.833333333333333,0.460866525429563,0.332401744896601
3,100,0.35,0.5,20,0.35,0.2,0.3,2,6,587,"oracle_prn",1,1,1,0.92507428189843,0.381666666666667,1,NA,NA
3,100,0.35,0.5,20,0.35,0.2,0.3,2,6,587,"estimated_prn",0.46319018404908,0.645346999362106,0.796610169491525,-0.143744767844041,0.37,0.983333333333333,0.358395522382178,0.394171928852158
3,100,0.35,0.5,20,0.35,0.2,0.3,2,6,587,"small_abs_logfc",0.540960451977401,0.127141767967996,0.152542372881356,0.0426639301138125,0.978333333333333,0.983333333333333,0.358395522382178,0.394171928852158
8,100,0.35,0.5,20,0.35,0.2,0.3,2,16,597,"oracle_prn",1,1,1,0.920078661345686,0.393333333333333,1,NA,NA
8,100,0.35,0.5,20,0.35,0.2,0.3,2,16,597,"estimated_prn",1,1,1,0.920206501473176,0.391666666666667,1,0.474585764431022,0.280767499825808
8,100,0.35,0.5,20,0.35,0.2,0.3,2,16,597,"small_abs_logfc",0.539168218497827,0.128691177348974,0.2,0.0407956153247252,0.995,1,0.474585764431022,0.280767499825808
3,30,0.35,0.1,60,0.35,0.2,0.3,2,6,476,"oracle_prn",1,1,1,0.69751858618915,0.693333333333333,1,NA,NA
3,30,0.35,0.1,60,0.35,0.2,0.3,2,6,476,"estimated_prn",1,1,1,0.74144996305168,0.558333333333333,0.816666666666667,0.630037555169925,0.405191371624694
3,30,0.35,0.1,60,0.35,0.2,0.3,2,6,476,"small_abs_logfc",0.50695406968408,0.109546061116722,0.102040816326531,0.00732041402639453,0.793333333333333,0.816666666666667,0.630037555169925,0.405191371624694
8,30,0.35,0.1,60,0.35,0.2,0.3,2,16,525,"oracle_prn",1,1,1,0.703911763138562,0.73,1,NA,NA
8,30,0.35,0.1,60,0.35,0.2,0.3,2,16,525,"estimated_prn",1,1,1,1,0.638333333333333,0.8,0.761647134679502,0.340901481633129
8,30,0.35,0.1,60,0.35,0.2,0.3,2,16,525,"small_abs_logfc",0.585910202655486,0.110314385509561,0.104166666666667,0.0857741966431055,0.875,0.8,0.761647134679502,0.340901481633129
3,100,0.35,0.1,60,0.35,0.2,0.3,2,6,586,"oracle_prn",1,1,1,0.7198455946064,0.741666666666667,1,NA,NA
3,100,0.35,0.1,60,0.35,0.2,0.3,2,6,586,"estimated_prn",1,1,1,0.768516981582589,0.725,0.983333333333333,0.753598980596136,0.33270375953725
3,100,0.35,0.1,60,0.35,0.2,0.3,2,6,586,"small_abs_logfc",0.515550123822082,0.106265122102701,0.101694915254237,0.0162090963706679,0.976666666666667,0.983333333333333,0.753598980596136,0.33270375953725
8,100,0.35,0.1,60,0.35,0.2,0.3,2,16,595,"oracle_prn",1,1,1,0.711245789264838,0.731666666666667,1,NA,NA
8,100,0.35,0.1,60,0.35,0.2,0.3,2,16,595,"estimated_prn",1,1,1,0.741182677204043,0.728333333333333,1,0.80027894695911,0.311141991811069
8,100,0.35,0.1,60,0.35,0.2,0.3,2,16,595,"small_abs_logfc",0.532647975077882,0.102418343572874,0.0666666666666667,0.0340551687869012,0.991666666666667,1,0.80027894695911,0.311141991811069
3,30,0.35,0.5,60,0.35,0.2,0.3,2,6,486,"oracle_prn",1,1,1,0.696253315633208,0.725,1,NA,NA
3,30,0.35,0.5,60,0.35,0.2,0.3,2,6,486,"estimated_prn",1,1,1,0.68398122508445,0.586666666666667,0.75,0.575375347051067,0.490314867745183
3,30,0.35,0.5,60,0.35,0.2,0.3,2,6,486,"small_abs_logfc",0.57339380196523,0.136110415590301,0.133333333333333,0.0736953711560954,0.81,0.75,0.575375347051067,0.490314867745183
8,30,0.35,0.5,60,0.35,0.2,0.3,2,16,535,"oracle_prn",1,1,1,0.694517335357032,0.74,1,NA,NA
8,30,0.35,0.5,60,0.35,0.2,0.3,2,16,535,"estimated_prn",1,1,1,0.802275279895251,0.661666666666667,0.883333333333333,0.614525833451858,0.409292598128927
8,30,0.35,0.5,60,0.35,0.2,0.3,2,16,535,"small_abs_logfc",0.529985124872778,0.11349144871476,0.113207547169811,0.0310316533640135,0.891666666666667,0.883333333333333,0.614525833451858,0.409292598128927
3,100,0.35,0.5,60,0.35,0.2,0.3,2,6,587,"oracle_prn",1,1,1,0.706826656898667,0.718333333333333,1,NA,NA
3,100,0.35,0.5,60,0.35,0.2,0.3,2,6,587,"estimated_prn",1,1,1,0.714144270688464,0.705,1,0.559639677439403,0.454420569171907
3,100,0.35,0.5,60,0.35,0.2,0.3,2,6,587,"small_abs_logfc",0.531562302340291,0.104750443239167,0.0666666666666667,0.0331209481249395,0.978333333333333,1,0.559639677439403,0.454420569171907
8,100,0.35,0.5,60,0.35,0.2,0.3,2,16,594,"oracle_prn",1,1,1,0.701972243891656,0.735,1,NA,NA
8,100,0.35,0.5,60,0.35,0.2,0.3,2,16,594,"estimated_prn",1,1,1,0.815510473586125,0.728333333333333,1,0.703694790385903,0.340503410626527
8,100,0.35,0.5,60,0.35,0.2,0.3,2,16,594,"small_abs_logfc",0.492041198501873,0.0965298999344916,0.0666666666666667,-0.00830804270454136,0.99,1,0.703694790385903,0.340503410626527
3,30,0.35,0.1,20,1,0.2,0.3,2,6,583,"oracle_prn",1,1,1,0.928898720175045,0.385,1,NA,NA
3,30,0.35,0.1,20,1,0.2,0.3,2,6,583,"estimated_prn",1,1,1,0.970986407274646,0.375,0.983333333333333,0.480127487484874,0.305082944488203
3,30,0.35,0.1,20,1,0.2,0.3,2,6,583,"small_abs_logfc",0.546965972312071,0.145577613853532,0.135593220338983,0.0490679228993728,0.971666666666667,0.983333333333333,0.480127487484874,0.305082944488203
8,30,0.35,0.1,20,1,0.2,0.3,2,16,589,"oracle_prn",1,1,1,0.921374005036325,0.378333333333333,1,NA,NA
8,30,0.35,0.1,20,1,0.2,0.3,2,16,589,"estimated_prn",0.993975903614458,0.936841314719223,0.982758620689655,0.911483206794133,0.373333333333333,0.966666666666667,0.535311245992543,0.237061458739745
8,30,0.35,0.1,20,1,0.2,0.3,2,16,589,"small_abs_logfc",0.545360088317423,0.111167261072779,0.103448275862069,0.0468178108779963,0.981666666666667,0.966666666666667,0.535311245992543,0.237061458739745
3,100,0.35,0.1,20,1,0.2,0.3,2,6,600,"oracle_prn",1,1,1,0.937901109919108,0.378333333333333,1,NA,NA
3,100,0.35,0.1,20,1,0.2,0.3,2,6,600,"estimated_prn",1,1,1,0.942320765384267,0.378333333333333,1,0.547593790482894,0.22585682382145
3,100,0.35,0.1,20,1,0.2,0.3,2,6,600,"small_abs_logfc",0.534969135802469,0.111611953752376,0.05,0.0363410424176965,1,1,0.547593790482894,0.22585682382145
8,100,0.35,0.1,20,1,0.2,0.3,2,16,600,"oracle_prn",1,1,1,0.909536068016961,0.383333333333333,1,NA,NA
8,100,0.35,0.1,20,1,0.2,0.3,2,16,600,"estimated_prn",1,1,1,0.909526125728885,0.383333333333333,1,0.61134962621047,0.197889139689899
8,100,0.35,0.1,20,1,0.2,0.3,2,16,600,"small_abs_logfc",0.584166666666667,0.123218261328679,0.116666666666667,0.0874686872666005,1,1,0.61134962621047,0.197889139689899
3,30,0.35,0.5,20,1,0.2,0.3,2,6,580,"oracle_prn",1,1,1,0.929552357335667,0.376666666666667,1,NA,NA
3,30,0.35,0.5,20,1,0.2,0.3,2,6,580,"estimated_prn",0.932926829268293,0.661990617959864,0.813559322033898,0.803914289348343,0.371666666666667,0.983333333333333,0.313415809466876,0.434132226602994
3,30,0.35,0.5,20,1,0.2,0.3,2,6,580,"small_abs_logfc",0.466280620709847,0.0993678753612666,0.101694915254237,-0.0353091866706946,0.966666666666667,0.983333333333333,0.313415809466876,0.434132226602994
8,30,0.35,0.5,20,1,0.2,0.3,2,16,590,"oracle_prn",1,1,1,0.93361389483944,0.378333333333333,1,NA,NA
8,30,0.35,0.5,20,1,0.2,0.3,2,16,590,"estimated_prn",1,1,1,0.951690391726817,0.375,1,0.402845629409174,0.297230922802586
8,30,0.35,0.5,20,1,0.2,0.3,2,16,590,"small_abs_logfc",0.508050314465409,0.107608487272898,0.15,0.00842879789546337,0.983333333333333,1,0.402845629409174,0.297230922802586
3,100,0.35,0.5,20,1,0.2,0.3,2,6,600,"oracle_prn",1,1,1,0.925357123803313,0.378333333333333,1,NA,NA
3,100,0.35,0.5,20,1,0.2,0.3,2,6,600,"estimated_prn",0.931137724550898,0.66504194803612,0.816666666666667,0.785236234558837,0.378333333333333,1,0.344401279107279,0.36796798328475
3,100,0.35,0.5,20,1,0.2,0.3,2,6,600,"small_abs_logfc",0.518641975308642,0.124218157629168,0.133333333333333,0.0193733359402372,1,1,0.344401279107279,0.36796798328475
8,100,0.35,0.5,20,1,0.2,0.3,2,16,600,"oracle_prn",1,1,1,0.942217771826359,0.38,1,NA,NA
8,100,0.35,0.5,20,1,0.2,0.3,2,16,600,"estimated_prn",1,1,1,0.961169725411855,0.38,1,0.476775744024552,0.254175491780846
8,100,0.35,0.5,20,1,0.2,0.3,2,16,600,"small_abs_logfc",0.520030864197531,0.10671078946358,0.133333333333333,0.0208167136179038,1,1,0.476775744024552,0.254175491780846
3,30,0.35,0.1,60,1,0.2,0.3,2,6,578,"oracle_prn",1,1,1,0.699793204374209,0.741666666666667,1,NA,NA
3,30,0.35,0.1,60,1,0.2,0.3,2,6,578,"estimated_prn",1,1,1,0.739406190752006,0.723333333333333,0.95,0.67016002632164,0.361138703451598
3,30,0.35,0.1,60,1,0.2,0.3,2,6,578,"small_abs_logfc",0.493484190322255,0.109128349954511,0.105263157894737,-0.00672958238856041,0.963333333333333,0.95,0.67016002632164,0.361138703451598
8,30,0.35,0.1,60,1,0.2,0.3,2,16,590,"oracle_prn",1,1,1,0.68828197771911,0.718333333333333,1,NA,NA
8,30,0.35,0.1,60,1,0.2,0.3,2,16,590,"estimated_prn",1,1,1,0.804937990907256,0.71,1,0.774835173037865,0.327441733474753
8,30,0.35,0.1,60,1,0.2,0.3,2,16,590,"small_abs_logfc",0.525031446540881,0.100229730930566,0.0333333333333333,0.0262082934562064,0.983333333333333,1,0.774835173037865,0.327441733474753
3,100,0.35,0.1,60,1,0.2,0.3,2,6,600,"oracle_prn",1,1,1,0.693935472823891,0.711666666666667,1,NA,NA
3,100,0.35,0.1,60,1,0.2,0.3,2,6,600,"estimated_prn",1,1,1,0.729639289628115,0.711666666666667,1,0.785753883679748,0.315582029295409
3,100,0.35,0.1,60,1,0.2,0.3,2,6,600,"small_abs_logfc",0.512407407407407,0.105001409843456,0.1,0.012894173920489,1,1,0.785753883679748,0.315582029295409
8,100,0.35,0.1,60,1,0.2,0.3,2,16,600,"oracle_prn",1,1,1,0.697655318923757,0.725,1,NA,NA
8,100,0.35,0.1,60,1,0.2,0.3,2,16,600,"estimated_prn",1,1,1,0.806393905403871,0.725,1,0.843447501392591,0.276945989113235
8,100,0.35,0.1,60,1,0.2,0.3,2,16,600,"small_abs_logfc",0.500617283950617,0.0925525852907654,0.0333333333333333,0.000641501190074078,1,1,0.843447501392591,0.276945989113235
3,30,0.35,0.5,60,1,0.2,0.3,2,6,582,"oracle_prn",1,1,1,0.692654813499774,0.713333333333333,1,NA,NA
3,30,0.35,0.5,60,1,0.2,0.3,2,6,582,"estimated_prn",1,1,1,0.72650023060903,0.693333333333333,0.983333333333333,0.544898033675117,0.467500976820732
3,30,0.35,0.5,60,1,0.2,0.3,2,6,582,"small_abs_logfc",0.490229121431118,0.112997155446406,0.11864406779661,-0.010215949693747,0.97,0.983333333333333,0.544898033675117,0.467500976820732
8,30,0.35,0.5,60,1,0.2,0.3,2,16,595,"oracle_prn",1,1,1,0.706061963707295,0.711666666666667,1,NA,NA
8,30,0.35,0.5,60,1,0.2,0.3,2,16,595,"estimated_prn",1,1,1,0.816541733592978,0.708333333333333,1,0.704742471623613,0.346446434408798
8,30,0.35,0.5,60,1,0.2,0.3,2,16,595,"small_abs_logfc",0.478722741433022,0.0922503205872142,0.0666666666666667,-0.0221943514136007,0.991666666666667,1,0.704742471623613,0.346446434408798
3,100,0.35,0.5,60,1,0.2,0.3,2,6,598,"oracle_prn",1,1,1,0.700448656890035,0.735,1,NA,NA
3,100,0.35,0.5,60,1,0.2,0.3,2,6,598,"estimated_prn",1,1,1,0.834914611026772,0.731666666666667,1,0.617868507436265,0.418354174583672
3,100,0.35,0.5,60,1,0.2,0.3,2,6,598,"small_abs_logfc",0.488537794299876,0.101610802934364,0.0833333333333333,-0.011929575973087,0.996666666666667,1,0.617868507436265,0.418354174583672
8,100,0.35,0.5,60,1,0.2,0.3,2,16,600,"oracle_prn",1,1,1,0.68729819855066,0.718333333333333,1,NA,NA
8,100,0.35,0.5,60,1,0.2,0.3,2,16,600,"estimated_prn",1,1,1,0.732731224193668,0.718333333333333,1,0.712614723317932,0.357384739903958
8,100,0.35,0.5,60,1,0.2,0.3,2,16,600,"small_abs_logfc",0.510277777777778,0.114263985422135,0.133333333333333,0.0106809948147334,1,1,0.712614723317932,0.357384739903958
