"signal","noise_sd","unique_targets","overlap_fraction","missing_fraction","sign_error","replicate_id","method","auroc","auprc"
0.1,0.1,5,0,0,0,1,"abs_logfc_quietness",0.4284,0.460415607991752
0.1,0.1,5,0,0,0,1,"ridge_prn",1,1
0.1,0.1,5,0,0,0,1,"univariate_plus_counterdirection",1,1
0.1,0.1,5,0,0,0,1,"multivariate_ols_plus_counterdirection",1,1
0.1,0.1,5,0,0,0,1,"oracle_activity_plus_counterdirection",1,1
0.5,0.1,5,0,0,0,1,"abs_logfc_quietness",0.5112,0.521577436712951
0.5,0.1,5,0,0,0,1,"ridge_prn",1,1
0.5,0.1,5,0,0,0,1,"univariate_plus_counterdirection",1,1
0.5,0.1,5,0,0,0,1,"multivariate_ols_plus_counterdirection",1,1
0.5,0.1,5,0,0,0,1,"oracle_activity_plus_counterdirection",1,1
0.1,0.4,5,0,0,0,1,"abs_logfc_quietness",0.4888,0.513324116512925
0.1,0.4,5,0,0,0,1,"ridge_prn",1,1
0.1,0.4,5,0,0,0,1,"univariate_plus_counterdirection",1,1
0.1,0.4,5,0,0,0,1,"multivariate_ols_plus_counterdirection",0,0.311827820689805
0.1,0.4,5,0,0,0,1,"oracle_activity_plus_counterdirection",1,1
0.5,0.4,5,0,0,0,1,"abs_logfc_quietness",0.4692,0.482456917727527
0.5,0.4,5,0,0,0,1,"ridge_prn",1,1
0.5,0.4,5,0,0,0,1,"univariate_plus_counterdirection",1,1
0.5,0.4,5,0,0,0,1,"multivariate_ols_plus_counterdirection",1,1
0.5,0.4,5,0,0,0,1,"oracle_activity_plus_counterdirection",1,1
0.1,0.1,30,0,0,0,1,"abs_logfc_quietness",0.492,0.491409949715526
0.1,0.1,30,0,0,0,1,"ridge_prn",1,1
0.1,0.1,30,0,0,0,1,"univariate_plus_counterdirection",1,1
0.1,0.1,30,0,0,0,1,"multivariate_ols_plus_counterdirection",1,1
0.1,0.1,30,0,0,0,1,"oracle_activity_plus_counterdirection",1,1
0.5,0.1,30,0,0,0,1,"abs_logfc_quietness",0.4256,0.453542639209953
0.5,0.1,30,0,0,0,1,"ridge_prn",1,1
0.5,0.1,30,0,0,0,1,"univariate_plus_counterdirection",1,1
0.5,0.1,30,0,0,0,1,"multivariate_ols_plus_counterdirection",1,1
0.5,0.1,30,0,0,0,1,"oracle_activity_plus_counterdirection",1,1
0.1,0.4,30,0,0,0,1,"abs_logfc_quietness",0.5156,0.51267040180675
0.1,0.4,30,0,0,0,1,"ridge_prn",1,1
0.1,0.4,30,0,0,0,1,"univariate_plus_counterdirection",1,1
0.1,0.4,30,0,0,0,1,"multivariate_ols_plus_counterdirection",1,1
0.1,0.4,30,0,0,0,1,"oracle_activity_plus_counterdirection",1,1
0.5,0.4,30,0,0,0,1,"abs_logfc_quietness",0.5976,0.562839132153984
0.5,0.4,30,0,0,0,1,"ridge_prn",1,1
0.5,0.4,30,0,0,0,1,"univariate_plus_counterdirection",1,1
0.5,0.4,30,0,0,0,1,"multivariate_ols_plus_counterdirection",1,1
0.5,0.4,30,0,0,0,1,"oracle_activity_plus_counterdirection",1,1
0.1,0.1,5,0.2,0,0,1,"abs_logfc_quietness",0.4972,0.531649807566942
0.1,0.1,5,0.2,0,0,1,"ridge_prn",1,1
0.1,0.1,5,0.2,0,0,1,"univariate_plus_counterdirection",1,1
0.1,0.1,5,0.2,0,0,1,"multivariate_ols_plus_counterdirection",1,1
0.1,0.1,5,0.2,0,0,1,"oracle_activity_plus_counterdirection",1,1
0.5,0.1,5,0.2,0,0,1,"abs_logfc_quietness",0.4064,0.432834273178548
0.5,0.1,5,0.2,0,0,1,"ridge_prn",1,1
0.5,0.1,5,0.2,0,0,1,"univariate_plus_counterdirection",1,1
0.5,0.1,5,0.2,0,0,1,"multivariate_ols_plus_counterdirection",1,1
0.5,0.1,5,0.2,0,0,1,"oracle_activity_plus_counterdirection",1,1
0.1,0.4,5,0.2,0,0,1,"abs_logfc_quietness",0.5048,0.52433315942405
0.1,0.4,5,0.2,0,0,1,"ridge_prn",1,1
0.1,0.4,5,0.2,0,0,1,"univariate_plus_counterdirection",1,1
0.1,0.4,5,0.2,0,0,1,"multivariate_ols_plus_counterdirection",0,0.311827820689805
0.1,0.4,5,0.2,0,0,1,"oracle_activity_plus_counterdirection",1,1
0.5,0.4,5,0.2,0,0,1,"abs_logfc_quietness",0.5096,0.508830740593604
0.5,0.4,5,0.2,0,0,1,"ridge_prn",1,1
0.5,0.4,5,0.2,0,0,1,"univariate_plus_counterdirection",1,1
0.5,0.4,5,0.2,0,0,1,"multivariate_ols_plus_counterdirection",1,1
0.5,0.4,5,0.2,0,0,1,"oracle_activity_plus_counterdirection",1,1
0.1,0.1,30,0.2,0,0,1,"abs_logfc_quietness",0.5648,0.544475810161823
0.1,0.1,30,0.2,0,0,1,"ridge_prn",1,1
0.1,0.1,30,0.2,0,0,1,"univariate_plus_counterdirection",1,1
0.1,0.1,30,0.2,0,0,1,"multivariate_ols_plus_counterdirection",1,1
0.1,0.1,30,0.2,0,0,1,"oracle_activity_plus_counterdirection",1,1
0.5,0.1,30,0.2,0,0,1,"abs_logfc_quietness",0.4532,0.495385631878033
0.5,0.1,30,0.2,0,0,1,"ridge_prn",1,1
0.5,0.1,30,0.2,0,0,1,"univariate_plus_counterdirection",1,1
0.5,0.1,30,0.2,0,0,1,"multivariate_ols_plus_counterdirection",1,1
0.5,0.1,30,0.2,0,0,1,"oracle_activity_plus_counterdirection",1,1
0.1,0.4,30,0.2,0,0,1,"abs_logfc_quietness",0.5136,0.511458162351181
0.1,0.4,30,0.2,0,0,1,"ridge_prn",1,1
0.1,0.4,30,0.2,0,0,1,"univariate_plus_counterdirection",1,1
0.1,0.4,30,0.2,0,0,1,"multivariate_ols_plus_counterdirection",1,1
0.1,0.4,30,0.2,0,0,1,"oracle_activity_plus_counterdirection",1,1
0.5,0.4,30,0.2,0,0,1,"abs_logfc_quietness",0.5028,0.499561432183342
0.5,0.4,30,0.2,0,0,1,"ridge_prn",1,1
0.5,0.4,30,0.2,0,0,1,"univariate_plus_counterdirection",1,1
0.5,0.4,30,0.2,0,0,1,"multivariate_ols_plus_counterdirection",1,1
0.5,0.4,30,0.2,0,0,1,"oracle_activity_plus_counterdirection",1,1
0.1,0.1,5,0,0.25,0,1,"abs_logfc_quietness",0.5568,0.607599186790574
0.1,0.1,5,0,0.25,0,1,"ridge_prn",0.632218844984802,0.730248900713816
0.1,0.1,5,0,0.25,0,1,"univariate_plus_counterdirection",0.75,0.713978112913427
0.1,0.1,5,0,0.25,0,1,"multivariate_ols_plus_counterdirection",0.61,0.713978112913427
0.1,0.1,5,0,0.25,0,1,"oracle_activity_plus_counterdirection",0.75,0.713978112913427
0.5,0.1,5,0,0.25,0,1,"abs_logfc_quietness",0.5392,0.532604915993757
0.5,0.1,5,0,0.25,0,1,"ridge_prn",0.816326530612245,0.801984111560669
0.5,0.1,5,0,0.25,0,1,"univariate_plus_counterdirection",0.81,0.790447440318242
0.5,0.1,5,0,0.25,0,1,"multivariate_ols_plus_counterdirection",0.81,0.790447440318242
0.5,0.1,5,0,0.25,0,1,"oracle_activity_plus_counterdirection",0.81,0.790447440318242
0.1,0.4,5,0,0.25,0,1,"abs_logfc_quietness",0.5708,0.583653876443563
0.1,0.4,5,0,0.25,0,1,"ridge_prn",0.220788043478261,0.352797797456566
0.1,0.4,5,0,0.25,0,1,"univariate_plus_counterdirection",0.77,0.740123020637282
0.1,0.4,5,0,0.25,0,1,"multivariate_ols_plus_counterdirection",0.2618,0.350015377077239
0.1,0.4,5,0,0.25,0,1,"oracle_activity_plus_counterdirection",0.77,0.740123020637282
0.5,0.4,5,0,0.25,0,1,"abs_logfc_quietness",0.5228,0.577880551853897
0.5,0.4,5,0,0.25,0,1,"ridge_prn",0.786365610073817,0.861559243924358
0.5,0.4,5,0,0.25,0,1,"univariate_plus_counterdirection",0.85,0.838360222827661
0.5,0.4,5,0,0.25,0,1,"multivariate_ols_plus_counterdirection",0.751,0.838360222827661
0.5,0.4,5,0,0.25,0,1,"oracle_activity_plus_counterdirection",0.85,0.838360222827661
0.1,0.1,30,0,0.25,0,1,"abs_logfc_quietness",0.52,0.560413801727401
0.1,0.1,30,0,0.25,0,1,"ridge_prn",0.677949709864603,0.766013885996084
0.1,0.1,30,0,0.25,0,1,"univariate_plus_counterdirection",0.76,0.727136007650269
0.1,0.1,30,0,0.25,0,1,"multivariate_ols_plus_counterdirection",0.6304,0.727136007650269
0.1,0.1,30,0,0.25,0,1,"oracle_activity_plus_counterdirection",0.76,0.727136007650269
0.5,0.1,30,0,0.25,0,1,"abs_logfc_quietness",0.4952,0.544295382159305
0.5,0.1,30,0,0.25,0,1,"ridge_prn",0.8,0.771918680881159
0.5,0.1,30,0,0.25,0,1,"univariate_plus_counterdirection",0.77,0.740123020637282
0.5,0.1,30,0,0.25,0,1,"multivariate_ols_plus_counterdirection",0.655,0.740123020637282
0.5,0.1,30,0,0.25,0,1,"oracle_activity_plus_counterdirection",0.77,0.740123020637282
0.1,0.4,30,0,0.25,0,1,"abs_logfc_quietness",0.5292,0.503195389664468
0.1,0.4,30,0,0.25,0,1,"ridge_prn",0.5,0.31636696644512
0.1,0.4,30,0,0.25,0,1,"univariate_plus_counterdirection",0.5,0.311827820689805
0.1,0.4,30,0,0.25,0,1,"multivariate_ols_plus_counterdirection",0.288,0.359607238172307
0.1,0.4,30,0,0.25,0,1,"oracle_activity_plus_counterdirection",0.8,0.778101761305896
0.5,0.4,30,0,0.25,0,1,"abs_logfc_quietness",0.4176,0.453338147662403
0.5,0.4,30,0,0.25,0,1,"ridge_prn",0.558958333333333,0.665223554381197
0.5,0.4,30,0,0.25,0,1,"univariate_plus_counterdirection",0.565,0.659543747040705
0.5,0.4,30,0,0.25,0,1,"multivariate_ols_plus_counterdirection",0.565,0.659543747040705
0.5,0.4,30,0,0.25,0,1,"oracle_activity_plus_counterdirection",0.71,0.659543747040705
0.1,0.1,5,0.2,0.25,0,1,"abs_logfc_quietness",0.4792,0.491006583408309
0.1,0.1,5,0.2,0.25,0,1,"ridge_prn",0.729166666666667,0.688825300745591
0.1,0.1,5,0.2,0.25,0,1,"univariate_plus_counterdirection",0.72,0.673432635929594
0.1,0.1,5,0.2,0.25,0,1,"multivariate_ols_plus_counterdirection",0.72,0.673432635929594
0.1,0.1,5,0.2,0.25,0,1,"oracle_activity_plus_counterdirection",0.72,0.673432635929594
0.5,0.1,5,0.2,0.25,0,1,"abs_logfc_quietness",0.5412,0.559262933492874
0.5,0.1,5,0.2,0.25,0,1,"ridge_prn",0.772727272727273,0.741343632333475
0.5,0.1,5,0.2,0.25,0,1,"univariate_plus_counterdirection",0.6152,0.700644779580094
0.5,0.1,5,0.2,0.25,0,1,"multivariate_ols_plus_counterdirection",0.74,0.700644779580094
0.5,0.1,5,0.2,0.25,0,1,"oracle_activity_plus_counterdirection",0.74,0.700644779580094
0.1,0.4,5,0.2,0.25,0,1,"abs_logfc_quietness",0.496,0.522910502196038
0.1,0.4,5,0.2,0.25,0,1,"ridge_prn",0.829787234042553,0.816311890814836
0.1,0.4,5,0.2,0.25,0,1,"univariate_plus_counterdirection",0.81,0.790447440318242
0.1,0.4,5,0.2,0.25,0,1,"multivariate_ols_plus_counterdirection",0.81,0.790447440318242
0.1,0.4,5,0.2,0.25,0,1,"oracle_activity_plus_counterdirection",0.81,0.790447440318242
0.5,0.4,5,0.2,0.25,0,1,"abs_logfc_quietness",0.474,0.531302303316816
0.5,0.4,5,0.2,0.25,0,1,"ridge_prn",0.795918367346939,0.781614202967726
0.5,0.4,5,0.2,0.25,0,1,"univariate_plus_counterdirection",0.79,0.765601761305896
0.5,0.4,5,0.2,0.25,0,1,"multivariate_ols_plus_counterdirection",0.79,0.765601761305896
0.5,0.4,5,0.2,0.25,0,1,"oracle_activity_plus_counterdirection",0.79,0.765601761305896
0.1,0.1,30,0.2,0.25,0,1,"abs_logfc_quietness",0.5492,0.534386932300983
0.1,0.1,30,0.2,0.25,0,1,"ridge_prn",0.755072463768116,0.843356135865664
0.1,0.1,30,0.2,0.25,0,1,"univariate_plus_counterdirection",0.82,0.802642562269461
0.1,0.1,30,0.2,0.25,0,1,"multivariate_ols_plus_counterdirection",0.82,0.802642562269461
0.1,0.1,30,0.2,0.25,0,1,"oracle_activity_plus_counterdirection",0.82,0.802642562269461
0.5,0.1,30,0.2,0.25,0,1,"abs_logfc_quietness",0.5776,0.542480739340424
0.5,0.1,30,0.2,0.25,0,1,"ridge_prn",0.698581560283688,0.805567879093954
0.5,0.1,30,0.2,0.25,0,1,"univariate_plus_counterdirection",0.68,0.778101761305896
0.5,0.1,30,0.2,0.25,0,1,"multivariate_ols_plus_counterdirection",0.68,0.778101761305896
0.5,0.1,30,0.2,0.25,0,1,"oracle_activity_plus_counterdirection",0.8,0.778101761305896
0.1,0.4,30,0.2,0.25,0,1,"abs_logfc_quietness",0.4284,0.472834979621719
0.1,0.4,30,0.2,0.25,0,1,"ridge_prn",0.806122448979592,0.796019977952676
0.1,0.4,30,0.2,0.25,0,1,"univariate_plus_counterdirection",0.8,0.778101761305896
0.1,0.4,30,0.2,0.25,0,1,"multivariate_ols_plus_counterdirection",0.692,0.778101761305896
0.1,0.4,30,0.2,0.25,0,1,"oracle_activity_plus_counterdirection",0.8,0.778101761305896
0.5,0.4,30,0.2,0.25,0,1,"abs_logfc_quietness",0.4332,0.467826132823175
0.5,0.4,30,0.2,0.25,0,1,"ridge_prn",0.72375,0.802654635853388
0.5,0.4,30,0.2,0.25,0,1,"univariate_plus_counterdirection",0.7036,0.790447440318242
0.5,0.4,30,0.2,0.25,0,1,"multivariate_ols_plus_counterdirection",0.81,0.790447440318242
0.5,0.4,30,0.2,0.25,0,1,"oracle_activity_plus_counterdirection",0.81,0.790447440318242
0.1,0.1,5,0,0,0.05,1,"abs_logfc_quietness",0.5932,0.642408396527321
0.1,0.1,5,0,0,0.05,1,"ridge_prn",0.9216,0.927804349587341
0.1,0.1,5,0,0,0.05,1,"univariate_plus_counterdirection",0.8684,0.927804349587341
0.1,0.1,5,0,0,0.05,1,"multivariate_ols_plus_counterdirection",0.9216,0.927804349587341
0.1,0.1,5,0,0,0.05,1,"oracle_activity_plus_counterdirection",0.93,0.927804349587341
0.5,0.1,5,0,0,0.05,1,"abs_logfc_quietness",0.392,0.458157150320276
0.5,0.1,5,0,0,0.05,1,"ridge_prn",0.9364,0.938442647459681
0.5,0.1,5,0,0,0.05,1,"univariate_plus_counterdirection",0.9364,0.938442647459681
0.5,0.1,5,0,0,0.05,1,"multivariate_ols_plus_counterdirection",0.8836,0.938442647459681
0.5,0.1,5,0,0,0.05,1,"oracle_activity_plus_counterdirection",0.94,0.938442647459681
0.1,0.4,5,0,0,0.05,1,"abs_logfc_quietness",0.4724,0.490488601211959
0.1,0.4,5,0,0,0.05,1,"ridge_prn",1,1
0.1,0.4,5,0,0,0.05,1,"univariate_plus_counterdirection",0.46,0.311827820689805
0.1,0.4,5,0,0,0.05,1,"multivariate_ols_plus_counterdirection",1,1
0.1,0.4,5,0,0,0.05,1,"oracle_activity_plus_counterdirection",1,1
0.5,0.4,5,0,0,0.05,1,"abs_logfc_quietness",0.5156,0.493874100122299
0.5,0.4,5,0,0,0.05,1,"ridge_prn",0.907,0.948968963249155
0.5,0.4,5,0,0,0.05,1,"univariate_plus_counterdirection",0.907,0.948968963249155
0.5,0.4,5,0,0,0.05,1,"multivariate_ols_plus_counterdirection",0.907,0.948968963249155
0.5,0.4,5,0,0,0.05,1,"oracle_activity_plus_counterdirection",0.95,0.948968963249155
0.1,0.1,30,0,0,0.05,1,"abs_logfc_quietness",0.508,0.495219342646016
0.1,0.1,30,0,0,0.05,1,"ridge_prn",0.829,0.906182096197906
0.1,0.1,30,0,0,0.05,1,"univariate_plus_counterdirection",0.829,0.906182096197906
0.1,0.1,30,0,0,0.05,1,"multivariate_ols_plus_counterdirection",0.829,0.906182096197906
0.1,0.1,30,0,0,0.05,1,"oracle_activity_plus_counterdirection",0.91,0.906182096197906
0.5,0.1,30,0,0,0.05,1,"abs_logfc_quietness",0.5852,0.589325164790579
0.5,0.1,30,0,0,0.05,1,"ridge_prn",0.924,0.959385629915821
0.5,0.1,30,0,0,0.05,1,"univariate_plus_counterdirection",0.924,0.959385629915821
0.5,0.1,30,0,0,0.05,1,"multivariate_ols_plus_counterdirection",0.924,0.959385629915821
0.5,0.1,30,0,0,0.05,1,"oracle_activity_plus_counterdirection",0.96,0.959385629915821
0.1,0.4,30,0,0,0.05,1,"abs_logfc_quietness",0.4704,0.525468078548304
0.1,0.4,30,0,0,0.05,1,"ridge_prn",0.1152,0.334722285538736
0.1,0.4,30,0,0,0.05,1,"univariate_plus_counterdirection",0.9248,0.959385629915821
0.1,0.4,30,0,0,0.05,1,"multivariate_ols_plus_counterdirection",0.1152,0.334722285538736
0.1,0.4,30,0,0,0.05,1,"oracle_activity_plus_counterdirection",0.96,0.959385629915821
0.5,0.4,30,0,0,0.05,1,"abs_logfc_quietness",0.5116,0.543732615435786
0.5,0.4,30,0,0,0.05,1,"ridge_prn",0.946,0.948968963249155
0.5,0.4,30,0,0,0.05,1,"univariate_plus_counterdirection",0.946,0.948968963249155
0.5,0.4,30,0,0,0.05,1,"multivariate_ols_plus_counterdirection",0.946,0.948968963249155
0.5,0.4,30,0,0,0.05,1,"oracle_activity_plus_counterdirection",0.95,0.948968963249155
0.1,0.1,5,0.2,0,0.05,1,"abs_logfc_quietness",0.5192,0.551511672764014
0.1,0.1,5,0.2,0,0.05,1,"ridge_prn",0.8836,0.938442647459681
0.1,0.1,5,0.2,0,0.05,1,"univariate_plus_counterdirection",0.9364,0.938442647459681
0.1,0.1,5,0.2,0,0.05,1,"multivariate_ols_plus_counterdirection",0.8836,0.938442647459681
0.1,0.1,5,0.2,0,0.05,1,"oracle_activity_plus_counterdirection",0.94,0.938442647459681
0.5,0.1,5,0.2,0,0.05,1,"abs_logfc_quietness",0.53,0.536549910115184
0.5,0.1,5,0.2,0,0.05,1,"ridge_prn",0.9364,0.938442647459681
0.5,0.1,5,0.2,0,0.05,1,"univariate_plus_counterdirection",0.9364,0.938442647459681
0.5,0.1,5,0.2,0,0.05,1,"multivariate_ols_plus_counterdirection",0.9364,0.938442647459681
0.5,0.1,5,0.2,0,0.05,1,"oracle_activity_plus_counterdirection",0.94,0.938442647459681
0.1,0.4,5,0.2,0,0.05,1,"abs_logfc_quietness",0.4428,0.485440301535754
0.1,0.4,5,0.2,0,0.05,1,"ridge_prn",0.5376,0.375377551429325
0.1,0.4,5,0.2,0,0.05,1,"univariate_plus_counterdirection",0.9024,0.821775157620237
0.1,0.4,5,0.2,0,0.05,1,"multivariate_ols_plus_counterdirection",0.0224,0.312123947210666
0.1,0.4,5,0.2,0,0.05,1,"oracle_activity_plus_counterdirection",0.94,0.938442647459681
0.5,0.4,5,0.2,0,0.05,1,"abs_logfc_quietness",0.5228,0.521726871298732
0.5,0.4,5,0.2,0,0.05,1,"ridge_prn",0.9682,0.969694908266337
0.5,0.4,5,0.2,0,0.05,1,"univariate_plus_counterdirection",0.9682,0.969694908266337
0.5,0.4,5,0.2,0,0.05,1,"multivariate_ols_plus_counterdirection",0.9682,0.969694908266337
0.5,0.4,5,0.2,0,0.05,1,"oracle_activity_plus_counterdirection",0.97,0.969694908266337
0.1,0.1,30,0.2,0,0.05,1,"abs_logfc_quietness",0.406,0.452017088081095
0.1,0.1,30,0.2,0,0.05,1,"ridge_prn",1,1
0.1,0.1,30,0.2,0,0.05,1,"univariate_plus_counterdirection",1,1
0.1,0.1,30,0.2,0,0.05,1,"multivariate_ols_plus_counterdirection",1,1
0.1,0.1,30,0.2,0,0.05,1,"oracle_activity_plus_counterdirection",1,1
0.5,0.1,30,0.2,0,0.05,1,"abs_logfc_quietness",0.5048,0.533537406077224
0.5,0.1,30,0.2,0,0.05,1,"ridge_prn",0.9232,0.959385629915821
0.5,0.1,30,0.2,0,0.05,1,"univariate_plus_counterdirection",0.9232,0.959385629915821
0.5,0.1,30,0.2,0,0.05,1,"multivariate_ols_plus_counterdirection",0.9232,0.959385629915821
0.5,0.1,30,0.2,0,0.05,1,"oracle_activity_plus_counterdirection",0.96,0.959385629915821
0.1,0.4,30,0.2,0,0.05,1,"abs_logfc_quietness",0.5076,0.483360929363462
0.1,0.4,30,0.2,0,0.05,1,"ridge_prn",0.909,0.948968963249155
0.1,0.4,30,0.2,0,0.05,1,"univariate_plus_counterdirection",0.909,0.948968963249155
0.1,0.4,30,0.2,0,0.05,1,"multivariate_ols_plus_counterdirection",0.909,0.948968963249155
0.1,0.4,30,0.2,0,0.05,1,"oracle_activity_plus_counterdirection",0.95,0.948968963249155
0.5,0.4,30,0.2,0,0.05,1,"abs_logfc_quietness",0.5124,0.512875305119474
0.5,0.4,30,0.2,0,0.05,1,"ridge_prn",0.945,0.948968963249155
0.5,0.4,30,0.2,0,0.05,1,"univariate_plus_counterdirection",0.905,0.948968963249155
0.5,0.4,30,0.2,0,0.05,1,"multivariate_ols_plus_counterdirection",0.945,0.948968963249155
0.5,0.4,30,0.2,0,0.05,1,"oracle_activity_plus_counterdirection",0.95,0.948968963249155
0.1,0.1,5,0,0.25,0.05,1,"abs_logfc_quietness",0.5088,0.501104888597124
0.1,0.1,5,0,0.25,0.05,1,"ridge_prn",0.791859389454209,0.781525366876654
0.1,0.1,5,0,0.25,0.05,1,"univariate_plus_counterdirection",0.7668,0.752943533457795
0.1,0.1,5,0,0.25,0.05,1,"multivariate_ols_plus_counterdirection",0.6436,0.752943533457795
0.1,0.1,5,0,0.25,0.05,1,"oracle_activity_plus_counterdirection",0.78,0.752943533457795
0.5,0.1,5,0,0.25,0.05,1,"abs_logfc_quietness",0.44,0.47894491245535
0.5,0.1,5,0,0.25,0.05,1,"ridge_prn",0.784397163120567,0.779863451261866
0.5,0.1,5,0,0.25,0.05,1,"univariate_plus_counterdirection",0.7668,0.752943533457795
0.5,0.1,5,0,0.25,0.05,1,"multivariate_ols_plus_counterdirection",0.7668,0.752943533457795
0.5,0.1,5,0,0.25,0.05,1,"oracle_activity_plus_counterdirection",0.78,0.752943533457795
0.1,0.4,5,0,0.25,0.05,1,"abs_logfc_quietness",0.53,0.498968381199214
0.1,0.4,5,0,0.25,0.05,1,"ridge_prn",0.682291666666667,0.751040280367891
0.1,0.4,5,0,0.25,0.05,1,"univariate_plus_counterdirection",0.6784,0.727136007650269
0.1,0.4,5,0,0.25,0.05,1,"multivariate_ols_plus_counterdirection",0.6784,0.727136007650269
0.1,0.4,5,0,0.25,0.05,1,"oracle_activity_plus_counterdirection",0.76,0.727136007650269
0.5,0.4,5,0,0.25,0.05,1,"abs_logfc_quietness",0.522,0.506225250652675
0.5,0.4,5,0,0.25,0.05,1,"ridge_prn",0.646335697399527,0.739964702898764
0.5,0.4,5,0,0.25,0.05,1,"univariate_plus_counterdirection",0.745,0.713978112913427
0.5,0.4,5,0,0.25,0.05,1,"multivariate_ols_plus_counterdirection",0.635,0.713978112913427
0.5,0.4,5,0,0.25,0.05,1,"oracle_activity_plus_counterdirection",0.75,0.713978112913427
0.1,0.1,30,0,0.25,0.05,1,"abs_logfc_quietness",0.5032,0.484070999837309
0.1,0.1,30,0,0.25,0.05,1,"ridge_prn",0.793747286148502,0.789686884977728
0.1,0.1,30,0,0.25,0.05,1,"univariate_plus_counterdirection",0.788,0.778101761305896
0.1,0.1,30,0,0.25,0.05,1,"multivariate_ols_plus_counterdirection",0.788,0.778101761305896
0.1,0.1,30,0,0.25,0.05,1,"oracle_activity_plus_counterdirection",0.8,0.778101761305896
0.5,0.1,30,0,0.25,0.05,1,"abs_logfc_quietness",0.5644,0.539554441590662
0.5,0.1,30,0,0.25,0.05,1,"ridge_prn",0.609375,0.732721887098481
0.5,0.1,30,0,0.25,0.05,1,"univariate_plus_counterdirection",0.605,0.713978112913427
0.5,0.1,30,0,0.25,0.05,1,"multivariate_ols_plus_counterdirection",0.605,0.713978112913427
0.5,0.1,30,0,0.25,0.05,1,"oracle_activity_plus_counterdirection",0.75,0.713978112913427
0.1,0.4,30,0,0.25,0.05,1,"abs_logfc_quietness",0.5288,0.502806430313385
0.1,0.4,30,0,0.25,0.05,1,"ridge_prn",0.316977854971776,0.354217822362783
0.1,0.4,30,0,0.25,0.05,1,"univariate_plus_counterdirection",0.3192,0.360600127333632
0.1,0.4,30,0,0.25,0.05,1,"multivariate_ols_plus_counterdirection",0.3192,0.360600127333632
0.1,0.4,30,0,0.25,0.05,1,"oracle_activity_plus_counterdirection",0.76,0.727136007650269
0.5,0.4,30,0,0.25,0.05,1,"abs_logfc_quietness",0.4008,0.436281537546927
0.5,0.4,30,0,0.25,0.05,1,"ridge_prn",0.786244433448788,0.797112780446597
0.5,0.4,30,0,0.25,0.05,1,"univariate_plus_counterdirection",0.6892,0.765601761305896
0.5,0.4,30,0,0.25,0.05,1,"multivariate_ols_plus_counterdirection",0.769,0.765601761305896
0.5,0.4,30,0,0.25,0.05,1,"oracle_activity_plus_counterdirection",0.79,0.765601761305896
0.1,0.1,5,0.2,0.25,0.05,1,"abs_logfc_quietness",0.4496,0.500958469248789
0.1,0.1,5,0.2,0.25,0.05,1,"ridge_prn",0.735430157261795,0.72590764522409
0.1,0.1,5,0.2,0.25,0.05,1,"univariate_plus_counterdirection",0.714,0.700644779580094
0.1,0.1,5,0.2,0.25,0.05,1,"multivariate_ols_plus_counterdirection",0.714,0.700644779580094
0.1,0.1,5,0.2,0.25,0.05,1,"oracle_activity_plus_counterdirection",0.74,0.700644779580094
0.5,0.1,5,0.2,0.25,0.05,1,"abs_logfc_quietness",0.468,0.504604287631041
0.5,0.1,5,0.2,0.25,0.05,1,"ridge_prn",0.760416666666667,0.73020401283293
0.5,0.1,5,0.2,0.25,0.05,1,"univariate_plus_counterdirection",0.75,0.713978112913427
0.5,0.1,5,0.2,0.25,0.05,1,"multivariate_ols_plus_counterdirection",0.75,0.713978112913427
0.5,0.1,5,0.2,0.25,0.05,1,"oracle_activity_plus_counterdirection",0.75,0.713978112913427
0.1,0.4,5,0.2,0.25,0.05,1,"abs_logfc_quietness",0.552,0.589344359415176
0.1,0.4,5,0.2,0.25,0.05,1,"ridge_prn",0.777173913043478,0.690893837039459
0.1,0.4,5,0.2,0.25,0.05,1,"univariate_plus_counterdirection",0.792,0.778101761305896
0.1,0.4,5,0.2,0.25,0.05,1,"multivariate_ols_plus_counterdirection",0.792,0.778101761305896
0.1,0.4,5,0.2,0.25,0.05,1,"oracle_activity_plus_counterdirection",0.8,0.778101761305896
0.5,0.4,5,0.2,0.25,0.05,1,"abs_logfc_quietness",0.5564,0.566239700555749
0.5,0.4,5,0.2,0.25,0.05,1,"ridge_prn",0.771941489361702,0.746392323061385
0.5,0.4,5,0.2,0.25,0.05,1,"univariate_plus_counterdirection",0.6544,0.727136007650269
0.5,0.4,5,0.2,0.25,0.05,1,"multivariate_ols_plus_counterdirection",0.6544,0.727136007650269
0.5,0.4,5,0.2,0.25,0.05,1,"oracle_activity_plus_counterdirection",0.76,0.727136007650269
0.1,0.1,30,0.2,0.25,0.05,1,"abs_logfc_quietness",0.594,0.595459597742238
0.1,0.1,30,0.2,0.25,0.05,1,"ridge_prn",0.768321513002364,0.766747741556241
0.1,0.1,30,0.2,0.25,0.05,1,"univariate_plus_counterdirection",0.632,0.740123020637282
0.1,0.1,30,0.2,0.25,0.05,1,"multivariate_ols_plus_counterdirection",0.7516,0.740123020637282
0.1,0.1,30,0.2,0.25,0.05,1,"oracle_activity_plus_counterdirection",0.77,0.740123020637282
0.5,0.1,30,0.2,0.25,0.05,1,"abs_logfc_quietness",0.4452,0.470272427480446
0.5,0.1,30,0.2,0.25,0.05,1,"ridge_prn",0.739952718676123,0.716336804297961
0.5,0.1,30,0.2,0.25,0.05,1,"univariate_plus_counterdirection",0.5842,0.68713126606658
0.5,0.1,30,0.2,0.25,0.05,1,"multivariate_ols_plus_counterdirection",0.7138,0.68713126606658
0.5,0.1,30,0.2,0.25,0.05,1,"oracle_activity_plus_counterdirection",0.73,0.68713126606658
0.1,0.4,30,0.2,0.25,0.05,1,"abs_logfc_quietness",0.6044,0.602660138180192
0.1,0.4,30,0.2,0.25,0.05,1,"ridge_prn",0.326241134751773,0.367476673936744
0.1,0.4,30,0.2,0.25,0.05,1,"univariate_plus_counterdirection",0.7144,0.673432635929594
0.1,0.4,30,0.2,0.25,0.05,1,"multivariate_ols_plus_counterdirection",0.36,0.362429803940955
0.1,0.4,30,0.2,0.25,0.05,1,"oracle_activity_plus_counterdirection",0.72,0.673432635929594
0.5,0.4,30,0.2,0.25,0.05,1,"abs_logfc_quietness",0.436,0.452989325030369
0.5,0.4,30,0.2,0.25,0.05,1,"ridge_prn",0.750354609929078,0.739964702898764
0.5,0.4,30,0.2,0.25,0.05,1,"univariate_plus_counterdirection",0.635,0.713978112913427
0.5,0.4,30,0.2,0.25,0.05,1,"multivariate_ols_plus_counterdirection",0.735,0.713978112913427
0.5,0.4,30,0.2,0.25,0.05,1,"oracle_activity_plus_counterdirection",0.75,0.713978112913427
0.1,0.1,5,0,0,0,2,"abs_logfc_quietness",0.5612,0.569160051300534
0.1,0.1,5,0,0,0,2,"ridge_prn",1,1
0.1,0.1,5,0,0,0,2,"univariate_plus_counterdirection",1,1
0.1,0.1,5,0,0,0,2,"multivariate_ols_plus_counterdirection",1,1
0.1,0.1,5,0,0,0,2,"oracle_activity_plus_counterdirection",1,1
0.5,0.1,5,0,0,0,2,"abs_logfc_quietness",0.55,0.560174526521233
0.5,0.1,5,0,0,0,2,"ridge_prn",1,1
0.5,0.1,5,0,0,0,2,"univariate_plus_counterdirection",1,1
0.5,0.1,5,0,0,0,2,"multivariate_ols_plus_counterdirection",1,1
0.5,0.1,5,0,0,0,2,"oracle_activity_plus_counterdirection",1,1
0.1,0.4,5,0,0,0,2,"abs_logfc_quietness",0.5136,0.499547054113003
0.1,0.4,5,0,0,0,2,"ridge_prn",0.5,0.311827820689805
0.1,0.4,5,0,0,0,2,"univariate_plus_counterdirection",1,1
0.1,0.4,5,0,0,0,2,"multivariate_ols_plus_counterdirection",0,0.311827820689805
0.1,0.4,5,0,0,0,2,"oracle_activity_plus_counterdirection",1,1
0.5,0.4,5,0,0,0,2,"abs_logfc_quietness",0.4696,0.51670828783857
0.5,0.4,5,0,0,0,2,"ridge_prn",1,1
0.5,0.4,5,0,0,0,2,"univariate_plus_counterdirection",1,1
0.5,0.4,5,0,0,0,2,"multivariate_ols_plus_counterdirection",1,1
0.5,0.4,5,0,0,0,2,"oracle_activity_plus_counterdirection",1,1
0.1,0.1,30,0,0,0,2,"abs_logfc_quietness",0.4436,0.469620408415828
0.1,0.1,30,0,0,0,2,"ridge_prn",1,1
0.1,0.1,30,0,0,0,2,"univariate_plus_counterdirection",1,1
0.1,0.1,30,0,0,0,2,"multivariate_ols_plus_counterdirection",1,1
0.1,0.1,30,0,0,0,2,"oracle_activity_plus_counterdirection",1,1
0.5,0.1,30,0,0,0,2,"abs_logfc_quietness",0.4272,0.449642467186981
0.5,0.1,30,0,0,0,2,"ridge_prn",1,1
0.5,0.1,30,0,0,0,2,"univariate_plus_counterdirection",1,1
0.5,0.1,30,0,0,0,2,"multivariate_ols_plus_counterdirection",1,1
0.5,0.1,30,0,0,0,2,"oracle_activity_plus_counterdirection",1,1
0.1,0.4,30,0,0,0,2,"abs_logfc_quietness",0.418,0.497840738820439
0.1,0.4,30,0,0,0,2,"ridge_prn",1,1
0.1,0.4,30,0,0,0,2,"univariate_plus_counterdirection",1,1
0.1,0.4,30,0,0,0,2,"multivariate_ols_plus_counterdirection",1,1
0.1,0.4,30,0,0,0,2,"oracle_activity_plus_counterdirection",1,1
0.5,0.4,30,0,0,0,2,"abs_logfc_quietness",0.5604,0.582521157961248
0.5,0.4,30,0,0,0,2,"ridge_prn",1,1
0.5,0.4,30,0,0,0,2,"univariate_plus_counterdirection",1,1
0.5,0.4,30,0,0,0,2,"multivariate_ols_plus_counterdirection",1,1
0.5,0.4,30,0,0,0,2,"oracle_activity_plus_counterdirection",1,1
0.1,0.1,5,0.2,0,0,2,"abs_logfc_quietness",0.56,0.562537457897959
0.1,0.1,5,0.2,0,0,2,"ridge_prn",1,1
0.1,0.1,5,0.2,0,0,2,"univariate_plus_counterdirection",1,1
0.1,0.1,5,0.2,0,0,2,"multivariate_ols_plus_counterdirection",1,1
0.1,0.1,5,0.2,0,0,2,"oracle_activity_plus_counterdirection",1,1
0.5,0.1,5,0.2,0,0,2,"abs_logfc_quietness",0.5168,0.503828927418553
0.5,0.1,5,0.2,0,0,2,"ridge_prn",1,1
0.5,0.1,5,0.2,0,0,2,"univariate_plus_counterdirection",1,1
0.5,0.1,5,0.2,0,0,2,"multivariate_ols_plus_counterdirection",1,1
0.5,0.1,5,0.2,0,0,2,"oracle_activity_plus_counterdirection",1,1
0.1,0.4,5,0.2,0,0,2,"abs_logfc_quietness",0.494,0.520650480861242
0.1,0.4,5,0.2,0,0,2,"ridge_prn",0.5,0.311827820689805
0.1,0.4,5,0.2,0,0,2,"univariate_plus_counterdirection",0.5,0.311827820689805
0.1,0.4,5,0.2,0,0,2,"multivariate_ols_plus_counterdirection",0,0.311827820689805
0.1,0.4,5,0.2,0,0,2,"oracle_activity_plus_counterdirection",1,1
0.5,0.4,5,0.2,0,0,2,"abs_logfc_quietness",0.4316,0.47067803509302
0.5,0.4,5,0.2,0,0,2,"ridge_prn",1,1
0.5,0.4,5,0.2,0,0,2,"univariate_plus_counterdirection",1,1
0.5,0.4,5,0.2,0,0,2,"multivariate_ols_plus_counterdirection",1,1
0.5,0.4,5,0.2,0,0,2,"oracle_activity_plus_counterdirection",1,1
0.1,0.1,30,0.2,0,0,2,"abs_logfc_quietness",0.4756,0.49249777816995
0.1,0.1,30,0.2,0,0,2,"ridge_prn",1,1
0.1,0.1,30,0.2,0,0,2,"univariate_plus_counterdirection",1,1
0.1,0.1,30,0.2,0,0,2,"multivariate_ols_plus_counterdirection",1,1
0.1,0.1,30,0.2,0,0,2,"oracle_activity_plus_counterdirection",1,1
0.5,0.1,30,0.2,0,0,2,"abs_logfc_quietness",0.4964,0.482896237587984
0.5,0.1,30,0.2,0,0,2,"ridge_prn",1,1
0.5,0.1,30,0.2,0,0,2,"univariate_plus_counterdirection",1,1
0.5,0.1,30,0.2,0,0,2,"multivariate_ols_plus_counterdirection",1,1
0.5,0.1,30,0.2,0,0,2,"oracle_activity_plus_counterdirection",1,1
0.1,0.4,30,0.2,0,0,2,"abs_logfc_quietness",0.4528,0.450874857918732
0.1,0.4,30,0.2,0,0,2,"ridge_prn",1,1
0.1,0.4,30,0.2,0,0,2,"univariate_plus_counterdirection",1,1
0.1,0.4,30,0.2,0,0,2,"multivariate_ols_plus_counterdirection",1,1
0.1,0.4,30,0.2,0,0,2,"oracle_activity_plus_counterdirection",1,1
0.5,0.4,30,0.2,0,0,2,"abs_logfc_quietness",0.4896,0.49310212599999
0.5,0.4,30,0.2,0,0,2,"ridge_prn",1,1
0.5,0.4,30,0.2,0,0,2,"univariate_plus_counterdirection",1,1
0.5,0.4,30,0.2,0,0,2,"multivariate_ols_plus_counterdirection",1,1
0.5,0.4,30,0.2,0,0,2,"oracle_activity_plus_counterdirection",1,1
0.1,0.1,5,0,0.25,0,2,"abs_logfc_quietness",0.5084,0.546506836404191
0.1,0.1,5,0,0.25,0,2,"ridge_prn",0.735507246376812,0.822230015748193
0.1,0.1,5,0,0.25,0,2,"univariate_plus_counterdirection",0.82,0.802642562269461
0.1,0.1,5,0,0.25,0,2,"multivariate_ols_plus_counterdirection",0.7228,0.802642562269461
0.1,0.1,5,0,0.25,0,2,"oracle_activity_plus_counterdirection",0.82,0.802642562269461
0.5,0.1,5,0,0.25,0,2,"abs_logfc_quietness",0.5416,0.567366381605045
0.5,0.1,5,0,0.25,0,2,"ridge_prn",0.787234042553192,0.75786741508485
0.5,0.1,5,0,0.25,0,2,"univariate_plus_counterdirection",0.77,0.740123020637282
0.5,0.1,5,0,0.25,0,2,"multivariate_ols_plus_counterdirection",0.77,0.740123020637282
0.5,0.1,5,0,0.25,0,2,"oracle_activity_plus_counterdirection",0.77,0.740123020637282
0.1,0.4,5,0,0.25,0,2,"abs_logfc_quietness",0.524,0.563252947371541
0.1,0.4,5,0,0.25,0,2,"ridge_prn",0.816326530612245,0.803940543670487
0.1,0.4,5,0,0.25,0,2,"univariate_plus_counterdirection",0.81,0.790447440318242
0.1,0.4,5,0,0.25,0,2,"multivariate_ols_plus_counterdirection",0.81,0.790447440318242
0.1,0.4,5,0,0.25,0,2,"oracle_activity_plus_counterdirection",0.81,0.790447440318242
0.5,0.4,5,0,0.25,0,2,"abs_logfc_quietness",0.5328,0.5671165627478
0.5,0.4,5,0,0.25,0,2,"ridge_prn",0.651207729468599,0.762078329503503
0.5,0.4,5,0,0.25,0,2,"univariate_plus_counterdirection",0.76,0.727136007650269
0.5,0.4,5,0,0.25,0,2,"multivariate_ols_plus_counterdirection",0.616,0.727136007650269
0.5,0.4,5,0,0.25,0,2,"oracle_activity_plus_counterdirection",0.76,0.727136007650269
0.1,0.1,30,0,0.25,0,2,"abs_logfc_quietness",0.5544,0.613301498436199
0.1,0.1,30,0,0.25,0,2,"ridge_prn",0.765957446808511,0.732591287983754
0.1,0.1,30,0,0.25,0,2,"univariate_plus_counterdirection",0.75,0.713978112913427
0.1,0.1,30,0,0.25,0,2,"multivariate_ols_plus_counterdirection",0.58,0.713978112913427
0.1,0.1,30,0,0.25,0,2,"oracle_activity_plus_counterdirection",0.75,0.713978112913427
0.5,0.1,30,0,0.25,0,2,"abs_logfc_quietness",0.6012,0.649427435585914
0.5,0.1,30,0,0.25,0,2,"ridge_prn",0.595744680851064,0.716604475795893
0.5,0.1,30,0,0.25,0,2,"univariate_plus_counterdirection",0.5892,0.700644779580094
0.5,0.1,30,0,0.25,0,2,"multivariate_ols_plus_counterdirection",0.5892,0.700644779580094
0.5,0.1,30,0,0.25,0,2,"oracle_activity_plus_counterdirection",0.74,0.700644779580094
0.1,0.4,30,0,0.25,0,2,"abs_logfc_quietness",0.5468,0.555680299032647
0.1,0.4,30,0,0.25,0,2,"ridge_prn",0.244444444444444,0.342639064362525
0.1,0.4,30,0,0.25,0,2,"univariate_plus_counterdirection",0.536,0.659543747040705
0.1,0.4,30,0,0.25,0,2,"multivariate_ols_plus_counterdirection",0.536,0.659543747040705
0.1,0.4,30,0,0.25,0,2,"oracle_activity_plus_counterdirection",0.71,0.659543747040705
0.5,0.4,30,0,0.25,0,2,"abs_logfc_quietness",0.51,0.531354995735945
0.5,0.4,30,0,0.25,0,2,"ridge_prn",0.690357627885921,0.788693360190588
0.5,0.4,30,0,0.25,0,2,"univariate_plus_counterdirection",0.79,0.765601761305896
0.5,0.4,30,0,0.25,0,2,"multivariate_ols_plus_counterdirection",0.6682,0.765601761305896
0.5,0.4,30,0,0.25,0,2,"oracle_activity_plus_counterdirection",0.79,0.765601761305896
0.1,0.1,5,0.2,0.25,0,2,"abs_logfc_quietness",0.5072,0.532660733751088
0.1,0.1,5,0.2,0.25,0,2,"ridge_prn",0.815217391304348,0.793057780707062
0.1,0.1,5,0.2,0.25,0,2,"univariate_plus_counterdirection",0.79,0.765601761305896
0.1,0.1,5,0.2,0.25,0,2,"multivariate_ols_plus_counterdirection",0.79,0.765601761305896
0.1,0.1,5,0.2,0.25,0,2,"oracle_activity_plus_counterdirection",0.79,0.765601761305896
0.5,0.1,5,0.2,0.25,0,2,"abs_logfc_quietness",0.5404,0.529941343501408
0.5,0.1,5,0.2,0.25,0,2,"ridge_prn",0.791666666666667,0.767750377734448
0.5,0.1,5,0.2,0.25,0,2,"univariate_plus_counterdirection",0.78,0.752943533457795
0.5,0.1,5,0.2,0.25,0,2,"multivariate_ols_plus_counterdirection",0.78,0.752943533457795
0.5,0.1,5,0.2,0.25,0,2,"oracle_activity_plus_counterdirection",0.78,0.752943533457795
0.1,0.4,5,0.2,0.25,0,2,"abs_logfc_quietness",0.4716,0.505134589351425
0.1,0.4,5,0.2,0.25,0,2,"ridge_prn",0.826086956521739,0.804674067495225
0.1,0.4,5,0.2,0.25,0,2,"univariate_plus_counterdirection",0.8,0.778101761305896
0.1,0.4,5,0.2,0.25,0,2,"multivariate_ols_plus_counterdirection",0.684,0.778101761305896
0.1,0.4,5,0.2,0.25,0,2,"oracle_activity_plus_counterdirection",0.8,0.778101761305896
0.5,0.4,5,0.2,0.25,0,2,"abs_logfc_quietness",0.5884,0.550424921497455
0.5,0.4,5,0.2,0.25,0,2,"ridge_prn",0.666975023126735,0.754094892924441
0.5,0.4,5,0.2,0.25,0,2,"univariate_plus_counterdirection",0.76,0.727136007650269
0.5,0.4,5,0.2,0.25,0,2,"multivariate_ols_plus_counterdirection",0.64,0.727136007650269
0.5,0.4,5,0.2,0.25,0,2,"oracle_activity_plus_counterdirection",0.76,0.727136007650269
0.1,0.1,30,0.2,0.25,0,2,"abs_logfc_quietness",0.4384,0.479583618634022
0.1,0.1,30,0.2,0.25,0,2,"ridge_prn",0.84375,0.834360817435956
0.1,0.1,30,0.2,0.25,0,2,"univariate_plus_counterdirection",0.7178,0.814690755040546
0.1,0.1,30,0.2,0.25,0,2,"multivariate_ols_plus_counterdirection",0.83,0.814690755040546
0.1,0.1,30,0.2,0.25,0,2,"oracle_activity_plus_counterdirection",0.83,0.814690755040546
0.5,0.1,30,0.2,0.25,0,2,"abs_logfc_quietness",0.4932,0.540540829976779
0.5,0.1,30,0.2,0.25,0,2,"ridge_prn",0.826086956521739,0.808238642159723
0.5,0.1,30,0.2,0.25,0,2,"univariate_plus_counterdirection",0.696,0.778101761305896
0.5,0.1,30,0.2,0.25,0,2,"multivariate_ols_plus_counterdirection",0.8,0.778101761305896
0.5,0.1,30,0.2,0.25,0,2,"oracle_activity_plus_counterdirection",0.8,0.778101761305896
0.1,0.4,30,0.2,0.25,0,2,"abs_logfc_quietness",0.5016,0.513673546548738
0.1,0.4,30,0.2,0.25,0,2,"ridge_prn",0.8125,0.793557903541974
0.1,0.4,30,0.2,0.25,0,2,"univariate_plus_counterdirection",0.8,0.778101761305896
0.1,0.4,30,0.2,0.25,0,2,"multivariate_ols_plus_counterdirection",0.8,0.778101761305896
0.1,0.4,30,0.2,0.25,0,2,"oracle_activity_plus_counterdirection",0.8,0.778101761305896
0.5,0.4,30,0.2,0.25,0,2,"abs_logfc_quietness",0.4272,0.472328174557264
0.5,0.4,30,0.2,0.25,0,2,"ridge_prn",0.613061224489796,0.729498550655159
0.5,0.4,30,0.2,0.25,0,2,"univariate_plus_counterdirection",0.76,0.727136007650269
0.5,0.4,30,0.2,0.25,0,2,"multivariate_ols_plus_counterdirection",0.616,0.727136007650269
0.5,0.4,30,0.2,0.25,0,2,"oracle_activity_plus_counterdirection",0.76,0.727136007650269
0.1,0.1,5,0,0,0.05,2,"abs_logfc_quietness",0.432,0.468383226813333
0.1,0.1,5,0,0,0.05,2,"ridge_prn",0.9216,0.959385629915821
0.1,0.1,5,0,0,0.05,2,"univariate_plus_counterdirection",0.9216,0.959385629915821
0.1,0.1,5,0,0,0.05,2,"multivariate_ols_plus_counterdirection",0.9216,0.959385629915821
0.1,0.1,5,0,0,0.05,2,"oracle_activity_plus_counterdirection",0.96,0.959385629915821
0.5,0.1,5,0,0,0.05,2,"abs_logfc_quietness",0.4548,0.556253650856284
0.5,0.1,5,0,0,0.05,2,"ridge_prn",0.9552,0.959385629915821
0.5,0.1,5,0,0,0.05,2,"univariate_plus_counterdirection",0.9552,0.959385629915821
0.5,0.1,5,0,0,0.05,2,"multivariate_ols_plus_counterdirection",0.9552,0.959385629915821
0.5,0.1,5,0,0,0.05,2,"oracle_activity_plus_counterdirection",0.96,0.959385629915821
0.1,0.4,5,0,0,0.05,2,"abs_logfc_quietness",0.4836,0.502619974430935
0.1,0.4,5,0,0,0.05,2,"ridge_prn",0.901,0.906182096197906
0.1,0.4,5,0,0,0.05,2,"univariate_plus_counterdirection",0.901,0.906182096197906
0.1,0.4,5,0,0,0.05,2,"multivariate_ols_plus_counterdirection",0.901,0.906182096197906
0.1,0.4,5,0,0,0.05,2,"oracle_activity_plus_counterdirection",0.91,0.906182096197906
0.5,0.4,5,0,0,0.05,2,"abs_logfc_quietness",0.4848,0.506722774384732
0.5,0.4,5,0,0,0.05,2,"ridge_prn",0.8836,0.938442647459681
0.5,0.4,5,0,0,0.05,2,"univariate_plus_counterdirection",0.9364,0.938442647459681
0.5,0.4,5,0,0,0.05,2,"multivariate_ols_plus_counterdirection",0.8836,0.938442647459681
0.5,0.4,5,0,0,0.05,2,"oracle_activity_plus_counterdirection",0.94,0.938442647459681
0.1,0.1,30,0,0,0.05,2,"abs_logfc_quietness",0.4572,0.476095971492274
0.1,0.1,30,0,0,0.05,2,"ridge_prn",0.867,0.927804349587341
0.1,0.1,30,0,0,0.05,2,"univariate_plus_counterdirection",0.923,0.927804349587341
0.1,0.1,30,0,0,0.05,2,"multivariate_ols_plus_counterdirection",0.867,0.927804349587341
0.1,0.1,30,0,0,0.05,2,"oracle_activity_plus_counterdirection",0.93,0.927804349587341
0.5,0.1,30,0,0,0.05,2,"abs_logfc_quietness",0.478,0.520557155579392
0.5,0.1,30,0,0,0.05,2,"ridge_prn",0.886,0.938442647459681
0.5,0.1,30,0,0,0.05,2,"univariate_plus_counterdirection",0.934,0.938442647459681
0.5,0.1,30,0,0,0.05,2,"multivariate_ols_plus_counterdirection",0.886,0.938442647459681
0.5,0.1,30,0,0,0.05,2,"oracle_activity_plus_counterdirection",0.94,0.938442647459681
0.1,0.4,30,0,0,0.05,2,"abs_logfc_quietness",0.59,0.562806255924378
0.1,0.4,30,0,0,0.05,2,"ridge_prn",0.9364,0.938442647459681
0.1,0.4,30,0,0,0.05,2,"univariate_plus_counterdirection",0.9364,0.938442647459681
0.1,0.4,30,0,0,0.05,2,"multivariate_ols_plus_counterdirection",0.8836,0.938442647459681
0.1,0.4,30,0,0,0.05,2,"oracle_activity_plus_counterdirection",0.94,0.938442647459681
0.5,0.4,30,0,0,0.05,2,"abs_logfc_quietness",0.5092,0.517593181582465
0.5,0.4,30,0,0,0.05,2,"ridge_prn",0.903,0.948968963249155
0.5,0.4,30,0,0,0.05,2,"univariate_plus_counterdirection",0.947,0.948968963249155
0.5,0.4,30,0,0,0.05,2,"multivariate_ols_plus_counterdirection",0.903,0.948968963249155
0.5,0.4,30,0,0,0.05,2,"oracle_activity_plus_counterdirection",0.95,0.948968963249155
0.1,0.1,5,0.2,0,0.05,2,"abs_logfc_quietness",0.5584,0.550242161140524
0.1,0.1,5,0.2,0,0.05,2,"ridge_prn",0.8236,0.906182096197906
0.1,0.1,5,0.2,0,0.05,2,"univariate_plus_counterdirection",0.8236,0.906182096197906
0.1,0.1,5,0.2,0,0.05,2,"multivariate_ols_plus_counterdirection",0.8236,0.906182096197906
0.1,0.1,5,0.2,0,0.05,2,"oracle_activity_plus_counterdirection",0.91,0.906182096197906
0.5,0.1,5,0.2,0,0.05,2,"abs_logfc_quietness",0.5432,0.573487668695017
0.5,0.1,5,0.2,0,0.05,2,"ridge_prn",0.9688,0.969694908266337
0.5,0.1,5,0.2,0,0.05,2,"univariate_plus_counterdirection",0.9688,0.969694908266337
0.5,0.1,5,0.2,0,0.05,2,"multivariate_ols_plus_counterdirection",0.9688,0.969694908266337
0.5,0.1,5,0.2,0,0.05,2,"oracle_activity_plus_counterdirection",0.97,0.969694908266337
0.1,0.4,5,0.2,0,0.05,2,"abs_logfc_quietness",0.5548,0.552127966782442
0.1,0.4,5,0.2,0,0.05,2,"ridge_prn",0.9352,0.938442647459681
0.1,0.4,5,0.2,0,0.05,2,"univariate_plus_counterdirection",0.8648,0.748405540121218
0.1,0.4,5,0.2,0,0.05,2,"multivariate_ols_plus_counterdirection",0.8848,0.938442647459681
0.1,0.4,5,0.2,0,0.05,2,"oracle_activity_plus_counterdirection",0.94,0.938442647459681
0.5,0.4,5,0.2,0,0.05,2,"abs_logfc_quietness",0.4556,0.508714907285884
0.5,0.4,5,0.2,0,0.05,2,"ridge_prn",0.9364,0.938442647459681
0.5,0.4,5,0.2,0,0.05,2,"univariate_plus_counterdirection",0.9364,0.938442647459681
0.5,0.4,5,0.2,0,0.05,2,"multivariate_ols_plus_counterdirection",0.9364,0.938442647459681
0.5,0.4,5,0.2,0,0.05,2,"oracle_activity_plus_counterdirection",0.94,0.938442647459681
0.1,0.1,30,0.2,0,0.05,2,"abs_logfc_quietness",0.4896,0.532217381387199
0.1,0.1,30,0.2,0,0.05,2,"ridge_prn",0.9436,0.969694908266337
0.1,0.1,30,0.2,0,0.05,2,"univariate_plus_counterdirection",0.9664,0.969694908266337
0.1,0.1,30,0.2,0,0.05,2,"multivariate_ols_plus_counterdirection",0.9436,0.969694908266337
0.1,0.1,30,0.2,0,0.05,2,"oracle_activity_plus_counterdirection",0.97,0.969694908266337
0.5,0.1,30,0.2,0,0.05,2,"abs_logfc_quietness",0.5456,0.566772149919302
0.5,0.1,30,0.2,0,0.05,2,"ridge_prn",0.9264,0.959385629915821
0.5,0.1,30,0.2,0,0.05,2,"univariate_plus_counterdirection",0.9264,0.959385629915821
0.5,0.1,30,0.2,0,0.05,2,"multivariate_ols_plus_counterdirection",0.9264,0.959385629915821
0.5,0.1,30,0.2,0,0.05,2,"oracle_activity_plus_counterdirection",0.96,0.959385629915821
0.1,0.4,30,0.2,0,0.05,2,"abs_logfc_quietness",0.5004,0.535852324194756
0.1,0.4,30,0.2,0,0.05,2,"ridge_prn",0.946,0.948968963249155
0.1,0.4,30,0.2,0,0.05,2,"univariate_plus_counterdirection",0.946,0.948968963249155
0.1,0.4,30,0.2,0,0.05,2,"multivariate_ols_plus_counterdirection",0.904,0.948968963249155
0.1,0.4,30,0.2,0,0.05,2,"oracle_activity_plus_counterdirection",0.95,0.948968963249155
0.5,0.4,30,0.2,0,0.05,2,"abs_logfc_quietness",0.4884,0.52545298226138
0.5,0.4,30,0.2,0,0.05,2,"ridge_prn",0.848,0.917051661415298
0.5,0.4,30,0.2,0,0.05,2,"univariate_plus_counterdirection",0.848,0.917051661415298
0.5,0.4,30,0.2,0,0.05,2,"multivariate_ols_plus_counterdirection",0.848,0.917051661415298
0.5,0.4,30,0.2,0,0.05,2,"oracle_activity_plus_counterdirection",0.92,0.917051661415298
0.1,0.1,5,0,0.25,0.05,2,"abs_logfc_quietness",0.5248,0.515015580998263
0.1,0.1,5,0,0.25,0.05,2,"ridge_prn",0.714657210401891,0.787900960453602
0.1,0.1,5,0,0.25,0.05,2,"univariate_plus_counterdirection",0.6744,0.752943533457795
0.1,0.1,5,0,0.25,0.05,2,"multivariate_ols_plus_counterdirection",0.6744,0.752943533457795
0.1,0.1,5,0,0.25,0.05,2,"oracle_activity_plus_counterdirection",0.78,0.752943533457795
0.5,0.1,5,0,0.25,0.05,2,"abs_logfc_quietness",0.5684,0.577566556889477
0.5,0.1,5,0,0.25,0.05,2,"ridge_prn",0.733580018501388,0.709680470250388
0.5,0.1,5,0,0.25,0.05,2,"univariate_plus_counterdirection",0.6004,0.68713126606658
0.5,0.1,5,0,0.25,0.05,2,"multivariate_ols_plus_counterdirection",0.7192,0.68713126606658
0.5,0.1,5,0,0.25,0.05,2,"oracle_activity_plus_counterdirection",0.73,0.68713126606658
0.1,0.4,5,0,0.25,0.05,2,"abs_logfc_quietness",0.4468,0.509514985929355
0.1,0.4,5,0,0.25,0.05,2,"ridge_prn",0.40922619047619,0.394146415340662
0.1,0.4,5,0,0.25,0.05,2,"univariate_plus_counterdirection",0.4212,0.392063565083069
0.1,0.4,5,0,0.25,0.05,2,"multivariate_ols_plus_counterdirection",0.4212,0.392063565083069
0.1,0.4,5,0,0.25,0.05,2,"oracle_activity_plus_counterdirection",0.78,0.752943533457795
0.5,0.4,5,0,0.25,0.05,2,"abs_logfc_quietness",0.5848,0.598094091426339
0.5,0.4,5,0,0.25,0.05,2,"ridge_prn",0.699352451433857,0.754094892924441
0.5,0.4,5,0,0.25,0.05,2,"univariate_plus_counterdirection",0.7408,0.727136007650269
0.5,0.4,5,0,0.25,0.05,2,"multivariate_ols_plus_counterdirection",0.6736,0.727136007650269
0.5,0.4,5,0,0.25,0.05,2,"oracle_activity_plus_counterdirection",0.76,0.727136007650269
0.1,0.1,30,0,0.25,0.05,2,"abs_logfc_quietness",0.442,0.485253404105169
0.1,0.1,30,0,0.25,0.05,2,"ridge_prn",0.588888888888889,0.68359378786709
0.1,0.1,30,0,0.25,0.05,2,"univariate_plus_counterdirection",0.6868,0.659543747040705
0.1,0.1,30,0,0.25,0.05,2,"multivariate_ols_plus_counterdirection",0.5592,0.659543747040705
0.1,0.1,30,0,0.25,0.05,2,"oracle_activity_plus_counterdirection",0.71,0.659543747040705
0.5,0.1,30,0,0.25,0.05,2,"abs_logfc_quietness",0.4624,0.467508449613144
0.5,0.1,30,0,0.25,0.05,2,"ridge_prn",0.69429347826087,0.779506114981483
0.5,0.1,30,0,0.25,0.05,2,"univariate_plus_counterdirection",0.7668,0.752943533457795
0.5,0.1,30,0,0.25,0.05,2,"multivariate_ols_plus_counterdirection",0.6612,0.752943533457795
0.5,0.1,30,0,0.25,0.05,2,"oracle_activity_plus_counterdirection",0.78,0.752943533457795
0.1,0.4,30,0,0.25,0.05,2,"abs_logfc_quietness",0.4668,0.522669864897677
0.1,0.4,30,0,0.25,0.05,2,"ridge_prn",0.527950310559006,0.384334315790593
0.1,0.4,30,0,0.25,0.05,2,"univariate_plus_counterdirection",0.7104,0.606467990931492
0.1,0.4,30,0,0.25,0.05,2,"multivariate_ols_plus_counterdirection",0.7104,0.606467990931492
0.1,0.4,30,0,0.25,0.05,2,"oracle_activity_plus_counterdirection",0.74,0.700644779580094
0.5,0.4,30,0,0.25,0.05,2,"abs_logfc_quietness",0.4332,0.469681055057961
0.5,0.4,30,0,0.25,0.05,2,"ridge_prn",0.661655874190564,0.767902178470857
0.5,0.4,30,0,0.25,0.05,2,"univariate_plus_counterdirection",0.7608,0.740123020637282
0.5,0.4,30,0,0.25,0.05,2,"multivariate_ols_plus_counterdirection",0.632,0.740123020637282
0.5,0.4,30,0,0.25,0.05,2,"oracle_activity_plus_counterdirection",0.77,0.740123020637282
0.1,0.1,5,0.2,0.25,0.05,2,"abs_logfc_quietness",0.4452,0.484427867104211
0.1,0.1,5,0.2,0.25,0.05,2,"ridge_prn",0.661931818181818,0.606685517800929
0.1,0.1,5,0.2,0.25,0.05,2,"univariate_plus_counterdirection",0.6396,0.587049516602279
0.1,0.1,5,0.2,0.25,0.05,2,"multivariate_ols_plus_counterdirection",0.6396,0.587049516602279
0.1,0.1,5,0.2,0.25,0.05,2,"oracle_activity_plus_counterdirection",0.66,0.587049516602279
0.5,0.1,5,0.2,0.25,0.05,2,"abs_logfc_quietness",0.4512,0.473950138875715
0.5,0.1,5,0.2,0.25,0.05,2,"ridge_prn",0.646276595744681,0.756849236824044
0.5,0.1,5,0.2,0.25,0.05,2,"univariate_plus_counterdirection",0.6366,0.740123020637282
0.5,0.1,5,0.2,0.25,0.05,2,"multivariate_ols_plus_counterdirection",0.6366,0.740123020637282
0.5,0.1,5,0.2,0.25,0.05,2,"oracle_activity_plus_counterdirection",0.77,0.740123020637282
0.1,0.4,5,0.2,0.25,0.05,2,"abs_logfc_quietness",0.5776,0.566403617906464
0.1,0.4,5,0.2,0.25,0.05,2,"ridge_prn",0.815217391304348,0.749702994030493
0.1,0.4,5,0.2,0.25,0.05,2,"univariate_plus_counterdirection",0.784,0.717556857397166
0.1,0.4,5,0.2,0.25,0.05,2,"multivariate_ols_plus_counterdirection",0.784,0.717556857397166
0.1,0.4,5,0.2,0.25,0.05,2,"oracle_activity_plus_counterdirection",0.8,0.778101761305896
0.5,0.4,5,0.2,0.25,0.05,2,"abs_logfc_quietness",0.4952,0.488648707081061
0.5,0.4,5,0.2,0.25,0.05,2,"ridge_prn",0.795035460992908,0.787900960453602
0.5,0.4,5,0.2,0.25,0.05,2,"univariate_plus_counterdirection",0.7624,0.752943533457795
0.5,0.4,5,0.2,0.25,0.05,2,"multivariate_ols_plus_counterdirection",0.7624,0.752943533457795
0.5,0.4,5,0.2,0.25,0.05,2,"oracle_activity_plus_counterdirection",0.78,0.752943533457795
0.1,0.1,30,0.2,0.25,0.05,2,"abs_logfc_quietness",0.5536,0.544305882394257
0.1,0.1,30,0.2,0.25,0.05,2,"ridge_prn",0.784690101757632,0.767902178470857
0.1,0.1,30,0.2,0.25,0.05,2,"univariate_plus_counterdirection",0.6412,0.740123020637282
0.1,0.1,30,0.2,0.25,0.05,2,"multivariate_ols_plus_counterdirection",0.7608,0.740123020637282
0.1,0.1,30,0.2,0.25,0.05,2,"oracle_activity_plus_counterdirection",0.77,0.740123020637282
0.5,0.1,30,0.2,0.25,0.05,2,"abs_logfc_quietness",0.496,0.518278667027378
0.5,0.1,30,0.2,0.25,0.05,2,"ridge_prn",0.782801418439716,0.76000934433798
0.5,0.1,30,0.2,0.25,0.05,2,"univariate_plus_counterdirection",0.6504,0.740123020637282
0.5,0.1,30,0.2,0.25,0.05,2,"multivariate_ols_plus_counterdirection",0.7654,0.740123020637282
0.5,0.1,30,0.2,0.25,0.05,2,"oracle_activity_plus_counterdirection",0.77,0.740123020637282
0.1,0.4,30,0.2,0.25,0.05,2,"abs_logfc_quietness",0.4748,0.512294695799602
0.1,0.4,30,0.2,0.25,0.05,2,"ridge_prn",0.348524305555556,0.36786584247279
0.1,0.4,30,0.2,0.25,0.05,2,"univariate_plus_counterdirection",0.62,0.713978112913427
0.1,0.4,30,0.2,0.25,0.05,2,"multivariate_ols_plus_counterdirection",0.36,0.368493510982577
0.1,0.4,30,0.2,0.25,0.05,2,"oracle_activity_plus_counterdirection",0.75,0.713978112913427
0.5,0.4,30,0.2,0.25,0.05,2,"abs_logfc_quietness",0.5132,0.512306784716547
0.5,0.4,30,0.2,0.25,0.05,2,"ridge_prn",0.723456790123457,0.805451694371198
0.5,0.4,30,0.2,0.25,0.05,2,"univariate_plus_counterdirection",0.769,0.765601761305896
0.5,0.4,30,0.2,0.25,0.05,2,"multivariate_ols_plus_counterdirection",0.685,0.765601761305896
0.5,0.4,30,0.2,0.25,0.05,2,"oracle_activity_plus_counterdirection",0.79,0.765601761305896
0.1,0.1,5,0,0,0,3,"abs_logfc_quietness",0.566,0.57758734844094
0.1,0.1,5,0,0,0,3,"ridge_prn",1,1
0.1,0.1,5,0,0,0,3,"univariate_plus_counterdirection",1,1
0.1,0.1,5,0,0,0,3,"multivariate_ols_plus_counterdirection",1,1
0.1,0.1,5,0,0,0,3,"oracle_activity_plus_counterdirection",1,1
0.5,0.1,5,0,0,0,3,"abs_logfc_quietness",0.562,0.530016165511203
0.5,0.1,5,0,0,0,3,"ridge_prn",1,1
0.5,0.1,5,0,0,0,3,"univariate_plus_counterdirection",1,1
0.5,0.1,5,0,0,0,3,"multivariate_ols_plus_counterdirection",1,1
0.5,0.1,5,0,0,0,3,"oracle_activity_plus_counterdirection",1,1
0.1,0.4,5,0,0,0,3,"abs_logfc_quietness",0.4236,0.485327150737912
0.1,0.4,5,0,0,0,3,"ridge_prn",0,0.311827820689805
0.1,0.4,5,0,0,0,3,"univariate_plus_counterdirection",1,1
0.1,0.4,5,0,0,0,3,"multivariate_ols_plus_counterdirection",0,0.311827820689805
0.1,0.4,5,0,0,0,3,"oracle_activity_plus_counterdirection",1,1
0.5,0.4,5,0,0,0,3,"abs_logfc_quietness",0.5004,0.494623366162075
0.5,0.4,5,0,0,0,3,"ridge_prn",1,1
0.5,0.4,5,0,0,0,3,"univariate_plus_counterdirection",1,1
0.5,0.4,5,0,0,0,3,"multivariate_ols_plus_counterdirection",1,1
0.5,0.4,5,0,0,0,3,"oracle_activity_plus_counterdirection",1,1
0.1,0.1,30,0,0,0,3,"abs_logfc_quietness",0.504,0.498371935339368
0.1,0.1,30,0,0,0,3,"ridge_prn",1,1
0.1,0.1,30,0,0,0,3,"univariate_plus_counterdirection",1,1
0.1,0.1,30,0,0,0,3,"multivariate_ols_plus_counterdirection",1,1
0.1,0.1,30,0,0,0,3,"oracle_activity_plus_counterdirection",1,1
0.5,0.1,30,0,0,0,3,"abs_logfc_quietness",0.4868,0.490822499761364
0.5,0.1,30,0,0,0,3,"ridge_prn",1,1
0.5,0.1,30,0,0,0,3,"univariate_plus_counterdirection",1,1
0.5,0.1,30,0,0,0,3,"multivariate_ols_plus_counterdirection",1,1
0.5,0.1,30,0,0,0,3,"oracle_activity_plus_counterdirection",1,1
0.1,0.4,30,0,0,0,3,"abs_logfc_quietness",0.548,0.556139469917221
0.1,0.4,30,0,0,0,3,"ridge_prn",0.5,0.311827820689805
0.1,0.4,30,0,0,0,3,"univariate_plus_counterdirection",1,1
0.1,0.4,30,0,0,0,3,"multivariate_ols_plus_counterdirection",0,0.311827820689805
0.1,0.4,30,0,0,0,3,"oracle_activity_plus_counterdirection",1,1
0.5,0.4,30,0,0,0,3,"abs_logfc_quietness",0.4268,0.505175323552462
0.5,0.4,30,0,0,0,3,"ridge_prn",1,1
0.5,0.4,30,0,0,0,3,"univariate_plus_counterdirection",1,1
0.5,0.4,30,0,0,0,3,"multivariate_ols_plus_counterdirection",1,1
0.5,0.4,30,0,0,0,3,"oracle_activity_plus_counterdirection",1,1
0.1,0.1,5,0.2,0,0,3,"abs_logfc_quietness",0.4508,0.500576136670881
0.1,0.1,5,0.2,0,0,3,"ridge_prn",1,1
0.1,0.1,5,0.2,0,0,3,"univariate_plus_counterdirection",1,1
0.1,0.1,5,0.2,0,0,3,"multivariate_ols_plus_counterdirection",1,1
0.1,0.1,5,0.2,0,0,3,"oracle_activity_plus_counterdirection",1,1
0.5,0.1,5,0.2,0,0,3,"abs_logfc_quietness",0.6128,0.619643927258701
0.5,0.1,5,0.2,0,0,3,"ridge_prn",1,1
0.5,0.1,5,0.2,0,0,3,"univariate_plus_counterdirection",1,1
0.5,0.1,5,0.2,0,0,3,"multivariate_ols_plus_counterdirection",1,1
0.5,0.1,5,0.2,0,0,3,"oracle_activity_plus_counterdirection",1,1
0.1,0.4,5,0.2,0,0,3,"abs_logfc_quietness",0.5464,0.557600242269031
0.1,0.4,5,0.2,0,0,3,"ridge_prn",1,1
0.1,0.4,5,0.2,0,0,3,"univariate_plus_counterdirection",1,1
0.1,0.4,5,0.2,0,0,3,"multivariate_ols_plus_counterdirection",0,0.311827820689805
0.1,0.4,5,0.2,0,0,3,"oracle_activity_plus_counterdirection",1,1
0.5,0.4,5,0.2,0,0,3,"abs_logfc_quietness",0.468,0.471852402943448
0.5,0.4,5,0.2,0,0,3,"ridge_prn",1,1
0.5,0.4,5,0.2,0,0,3,"univariate_plus_counterdirection",1,1
0.5,0.4,5,0.2,0,0,3,"multivariate_ols_plus_counterdirection",1,1
0.5,0.4,5,0.2,0,0,3,"oracle_activity_plus_counterdirection",1,1
0.1,0.1,30,0.2,0,0,3,"abs_logfc_quietness",0.5228,0.504071189159097
0.1,0.1,30,0.2,0,0,3,"ridge_prn",1,1
0.1,0.1,30,0.2,0,0,3,"univariate_plus_counterdirection",1,1
0.1,0.1,30,0.2,0,0,3,"multivariate_ols_plus_counterdirection",1,1
0.1,0.1,30,0.2,0,0,3,"oracle_activity_plus_counterdirection",1,1
0.5,0.1,30,0.2,0,0,3,"abs_logfc_quietness",0.5984,0.599475830544814
0.5,0.1,30,0.2,0,0,3,"ridge_prn",1,1
0.5,0.1,30,0.2,0,0,3,"univariate_plus_counterdirection",1,1
0.5,0.1,30,0.2,0,0,3,"multivariate_ols_plus_counterdirection",1,1
0.5,0.1,30,0.2,0,0,3,"oracle_activity_plus_counterdirection",1,1
0.1,0.4,30,0.2,0,0,3,"abs_logfc_quietness",0.4568,0.508126422207632
0.1,0.4,30,0.2,0,0,3,"ridge_prn",1,1
0.1,0.4,30,0.2,0,0,3,"univariate_plus_counterdirection",1,1
0.1,0.4,30,0.2,0,0,3,"multivariate_ols_plus_counterdirection",1,1
0.1,0.4,30,0.2,0,0,3,"oracle_activity_plus_counterdirection",1,1
0.5,0.4,30,0.2,0,0,3,"abs_logfc_quietness",0.4812,0.512922603580417
0.5,0.4,30,0.2,0,0,3,"ridge_prn",1,1
0.5,0.4,30,0.2,0,0,3,"univariate_plus_counterdirection",1,1
0.5,0.4,30,0.2,0,0,3,"multivariate_ols_plus_counterdirection",1,1
0.5,0.4,30,0.2,0,0,3,"oracle_activity_plus_counterdirection",1,1
0.1,0.1,5,0,0.25,0,3,"abs_logfc_quietness",0.4608,0.506500690298523
0.1,0.1,5,0,0.25,0,3,"ridge_prn",0.678638941398866,0.796926451498129
0.1,0.1,5,0,0.25,0,3,"univariate_plus_counterdirection",0.79,0.765601761305896
0.1,0.1,5,0,0.25,0,3,"multivariate_ols_plus_counterdirection",0.6472,0.765601761305896
0.1,0.1,5,0,0.25,0,3,"oracle_activity_plus_counterdirection",0.79,0.765601761305896
0.5,0.1,5,0,0.25,0,3,"abs_logfc_quietness",0.4928,0.505865376141516
0.5,0.1,5,0,0.25,0,3,"ridge_prn",0.732005432322318,0.814500885998114
0.5,0.1,5,0,0.25,0,3,"univariate_plus_counterdirection",0.81,0.790447440318242
0.5,0.1,5,0,0.25,0,3,"multivariate_ols_plus_counterdirection",0.7074,0.790447440318242
0.5,0.1,5,0,0.25,0,3,"oracle_activity_plus_counterdirection",0.81,0.790447440318242
0.1,0.4,5,0,0.25,0,3,"abs_logfc_quietness",0.5704,0.539514532905192
0.1,0.4,5,0,0.25,0,3,"ridge_prn",0.806122448979592,0.78767212263653
0.1,0.4,5,0,0.25,0,3,"univariate_plus_counterdirection",0.8,0.778101761305896
0.1,0.4,5,0,0.25,0,3,"multivariate_ols_plus_counterdirection",0.8,0.778101761305896
0.1,0.4,5,0,0.25,0,3,"oracle_activity_plus_counterdirection",0.8,0.778101761305896
0.5,0.4,5,0,0.25,0,3,"abs_logfc_quietness",0.4088,0.444490631753987
0.5,0.4,5,0,0.25,0,3,"ridge_prn",0.683333333333333,0.79427466055063
0.5,0.4,5,0,0.25,0,3,"univariate_plus_counterdirection",0.81,0.790447440318242
0.5,0.4,5,0,0.25,0,3,"multivariate_ols_plus_counterdirection",0.6884,0.790447440318242
0.5,0.4,5,0,0.25,0,3,"oracle_activity_plus_counterdirection",0.81,0.790447440318242
0.1,0.1,30,0,0.25,0,3,"abs_logfc_quietness",0.5136,0.554464854575358
0.1,0.1,30,0,0.25,0,3,"ridge_prn",0.819148936170213,0.799803816383292
0.1,0.1,30,0,0.25,0,3,"univariate_plus_counterdirection",0.8,0.778101761305896
0.1,0.1,30,0,0.25,0,3,"multivariate_ols_plus_counterdirection",0.8,0.778101761305896
0.1,0.1,30,0,0.25,0,3,"oracle_activity_plus_counterdirection",0.8,0.778101761305896
0.5,0.1,30,0,0.25,0,3,"abs_logfc_quietness",0.5344,0.574706802431327
0.5,0.1,30,0,0.25,0,3,"ridge_prn",0.676630434782609,0.782480825442125
0.5,0.1,30,0,0.25,0,3,"univariate_plus_counterdirection",0.6274,0.740123020637282
0.5,0.1,30,0,0.25,0,3,"multivariate_ols_plus_counterdirection",0.6274,0.740123020637282
0.5,0.1,30,0,0.25,0,3,"oracle_activity_plus_counterdirection",0.77,0.740123020637282
0.1,0.4,30,0,0.25,0,3,"abs_logfc_quietness",0.4904,0.496543839051445
0.1,0.4,30,0,0.25,0,3,"ridge_prn",0.5,0.30801068143229
0.1,0.4,30,0,0.25,0,3,"univariate_plus_counterdirection",0.81,0.790447440318242
0.1,0.4,30,0,0.25,0,3,"multivariate_ols_plus_counterdirection",0.81,0.790447440318242
0.1,0.4,30,0,0.25,0,3,"oracle_activity_plus_counterdirection",0.81,0.790447440318242
0.5,0.4,30,0,0.25,0,3,"abs_logfc_quietness",0.544,0.586777446938862
0.5,0.4,30,0,0.25,0,3,"ridge_prn",0.733664772727273,0.806986937333074
0.5,0.4,30,0,0.25,0,3,"univariate_plus_counterdirection",0.79,0.765601761305896
0.5,0.4,30,0,0.25,0,3,"multivariate_ols_plus_counterdirection",0.6766,0.765601761305896
0.5,0.4,30,0,0.25,0,3,"oracle_activity_plus_counterdirection",0.79,0.765601761305896
0.1,0.1,5,0.2,0.25,0,3,"abs_logfc_quietness",0.5212,0.517016058910905
0.1,0.1,5,0.2,0.25,0,3,"ridge_prn",0.665740740740741,0.787037903118206
0.1,0.1,5,0.2,0.25,0,3,"univariate_plus_counterdirection",0.79,0.765601761305896
0.1,0.1,5,0.2,0.25,0,3,"multivariate_ols_plus_counterdirection",0.6598,0.765601761305896
0.1,0.1,5,0.2,0.25,0,3,"oracle_activity_plus_counterdirection",0.79,0.765601761305896
0.5,0.1,5,0.2,0.25,0,3,"abs_logfc_quietness",0.5228,0.549897515431329
0.5,0.1,5,0.2,0.25,0,3,"ridge_prn",0.776595744680851,0.744149609933674
0.5,0.1,5,0.2,0.25,0,3,"univariate_plus_counterdirection",0.76,0.727136007650269
0.5,0.1,5,0.2,0.25,0,3,"multivariate_ols_plus_counterdirection",0.76,0.727136007650269
0.5,0.1,5,0.2,0.25,0,3,"oracle_activity_plus_counterdirection",0.76,0.727136007650269
0.1,0.4,5,0.2,0.25,0,3,"abs_logfc_quietness",0.562,0.602123070779914
0.1,0.4,5,0.2,0.25,0,3,"ridge_prn",0.635933806146572,0.739964702898764
0.1,0.4,5,0.2,0.25,0,3,"univariate_plus_counterdirection",0.625,0.713978112913427
0.1,0.4,5,0.2,0.25,0,3,"multivariate_ols_plus_counterdirection",0.625,0.713978112913427
0.1,0.4,5,0.2,0.25,0,3,"oracle_activity_plus_counterdirection",0.75,0.713978112913427
0.5,0.4,5,0.2,0.25,0,3,"abs_logfc_quietness",0.5908,0.561124558193019
0.5,0.4,5,0.2,0.25,0,3,"ridge_prn",0.686495874945723,0.771407066922374
0.5,0.4,5,0.2,0.25,0,3,"univariate_plus_counterdirection",0.78,0.752943533457795
0.5,0.4,5,0.2,0.25,0,3,"multivariate_ols_plus_counterdirection",0.78,0.752943533457795
0.5,0.4,5,0.2,0.25,0,3,"oracle_activity_plus_counterdirection",0.78,0.752943533457795
0.1,0.1,30,0.2,0.25,0,3,"abs_logfc_quietness",0.4948,0.508499668013215
0.1,0.1,30,0.2,0.25,0,3,"ridge_prn",0.741965973534972,0.835891872042497
0.1,0.1,30,0.2,0.25,0,3,"univariate_plus_counterdirection",0.82,0.802642562269461
0.1,0.1,30,0.2,0.25,0,3,"multivariate_ols_plus_counterdirection",0.7048,0.802642562269461
0.1,0.1,30,0.2,0.25,0,3,"oracle_activity_plus_counterdirection",0.82,0.802642562269461
0.5,0.1,30,0.2,0.25,0,3,"abs_logfc_quietness",0.4264,0.460639182050632
0.5,0.1,30,0.2,0.25,0,3,"ridge_prn",0.826530612244898,0.815976127134642
0.5,0.1,30,0.2,0.25,0,3,"univariate_plus_counterdirection",0.7444,0.802642562269461
0.5,0.1,30,0.2,0.25,0,3,"multivariate_ols_plus_counterdirection",0.82,0.802642562269461
0.5,0.1,30,0.2,0.25,0,3,"oracle_activity_plus_counterdirection",0.82,0.802642562269461
0.1,0.4,30,0.2,0.25,0,3,"abs_logfc_quietness",0.4736,0.519780184958441
0.1,0.4,30,0.2,0.25,0,3,"ridge_prn",0.815217391304348,0.794969302803427
0.1,0.4,30,0.2,0.25,0,3,"univariate_plus_counterdirection",0.79,0.765601761305896
0.1,0.4,30,0.2,0.25,0,3,"multivariate_ols_plus_counterdirection",0.6892,0.765601761305896
0.1,0.4,30,0.2,0.25,0,3,"oracle_activity_plus_counterdirection",0.79,0.765601761305896
0.5,0.4,30,0.2,0.25,0,3,"abs_logfc_quietness",0.4668,0.461906878268894
0.5,0.4,30,0.2,0.25,0,3,"ridge_prn",0.829545454545455,0.806986937333074
0.5,0.4,30,0.2,0.25,0,3,"univariate_plus_counterdirection",0.6556,0.765601761305896
0.5,0.4,30,0.2,0.25,0,3,"multivariate_ols_plus_counterdirection",0.79,0.765601761305896
0.5,0.4,30,0.2,0.25,0,3,"oracle_activity_plus_counterdirection",0.79,0.765601761305896
0.1,0.1,5,0,0,0.05,3,"abs_logfc_quietness",0.4364,0.466314967797481
0.1,0.1,5,0,0,0.05,3,"ridge_prn",0.9328,0.938442647459681
0.1,0.1,5,0,0,0.05,3,"univariate_plus_counterdirection",0.9328,0.938442647459681
0.1,0.1,5,0,0,0.05,3,"multivariate_ols_plus_counterdirection",0.8872,0.938442647459681
0.1,0.1,5,0,0,0.05,3,"oracle_activity_plus_counterdirection",0.94,0.938442647459681
0.5,0.1,5,0,0,0.05,3,"abs_logfc_quietness",0.4572,0.509716673617886
0.5,0.1,5,0,0,0.05,3,"ridge_prn",0.9568,0.959385629915821
0.5,0.1,5,0,0,0.05,3,"univariate_plus_counterdirection",0.9568,0.959385629915821
0.5,0.1,5,0,0,0.05,3,"multivariate_ols_plus_counterdirection",0.9568,0.959385629915821
0.5,0.1,5,0,0,0.05,3,"oracle_activity_plus_counterdirection",0.96,0.959385629915821
0.1,0.4,5,0,0,0.05,3,"abs_logfc_quietness",0.4844,0.558801429633011
0.1,0.4,5,0,0,0.05,3,"ridge_prn",0.1152,0.334722285538736
0.1,0.4,5,0,0,0.05,3,"univariate_plus_counterdirection",0.1152,0.334722285538736
0.1,0.4,5,0,0,0.05,3,"multivariate_ols_plus_counterdirection",0.1152,0.334722285538736
0.1,0.4,5,0,0,0.05,3,"oracle_activity_plus_counterdirection",0.96,0.959385629915821
0.5,0.4,5,0,0,0.05,3,"abs_logfc_quietness",0.512,0.487834767232968
0.5,0.4,5,0,0,0.05,3,"ridge_prn",0.944,0.948968963249155
0.5,0.4,5,0,0,0.05,3,"univariate_plus_counterdirection",0.944,0.948968963249155
0.5,0.4,5,0,0,0.05,3,"multivariate_ols_plus_counterdirection",0.906,0.948968963249155
0.5,0.4,5,0,0,0.05,3,"oracle_activity_plus_counterdirection",0.95,0.948968963249155
0.1,0.1,30,0,0,0.05,3,"abs_logfc_quietness",0.5472,0.534121972443848
0.1,0.1,30,0,0,0.05,3,"ridge_prn",0.962,0.97989898989899
0.1,0.1,30,0,0,0.05,3,"univariate_plus_counterdirection",0.978,0.97989898989899
0.1,0.1,30,0,0,0.05,3,"multivariate_ols_plus_counterdirection",0.962,0.97989898989899
0.1,0.1,30,0,0,0.05,3,"oracle_activity_plus_counterdirection",0.98,0.97989898989899
0.5,0.1,30,0,0,0.05,3,"abs_logfc_quietness",0.496,0.578190926739982
0.5,0.1,30,0,0,0.05,3,"ridge_prn",0.91,0.948968963249155
0.5,0.1,30,0,0,0.05,3,"univariate_plus_counterdirection",0.91,0.948968963249155
0.5,0.1,30,0,0,0.05,3,"multivariate_ols_plus_counterdirection",0.91,0.948968963249155
0.5,0.1,30,0,0,0.05,3,"oracle_activity_plus_counterdirection",0.95,0.948968963249155
0.1,0.4,30,0,0,0.05,3,"abs_logfc_quietness",0.5588,0.563530178817946
0.1,0.4,30,0,0,0.05,3,"ridge_prn",0.516,0.42409183714361
0.1,0.4,30,0,0,0.05,3,"univariate_plus_counterdirection",0.094,0.329582408892207
0.1,0.4,30,0,0,0.05,3,"multivariate_ols_plus_counterdirection",0.056,0.312613277819788
0.1,0.4,30,0,0,0.05,3,"oracle_activity_plus_counterdirection",0.94,0.938442647459681
0.5,0.4,30,0,0,0.05,3,"abs_logfc_quietness",0.5472,0.588007998407912
0.5,0.4,30,0,0,0.05,3,"ridge_prn",0.9248,0.959385629915821
0.5,0.4,30,0,0,0.05,3,"univariate_plus_counterdirection",0.9552,0.959385629915821
0.5,0.4,30,0,0,0.05,3,"multivariate_ols_plus_counterdirection",0.9248,0.959385629915821
0.5,0.4,30,0,0,0.05,3,"oracle_activity_plus_counterdirection",0.96,0.959385629915821
0.1,0.1,5,0.2,0,0.05,3,"abs_logfc_quietness",0.5548,0.553601695017522
0.1,0.1,5,0.2,0,0.05,3,"ridge_prn",0.9264,0.959385629915821
0.1,0.1,5,0.2,0,0.05,3,"univariate_plus_counterdirection",0.9536,0.959385629915821
0.1,0.1,5,0.2,0,0.05,3,"multivariate_ols_plus_counterdirection",0.9536,0.959385629915821
0.1,0.1,5,0.2,0,0.05,3,"oracle_activity_plus_counterdirection",0.96,0.959385629915821
0.5,0.1,5,0.2,0,0.05,3,"abs_logfc_quietness",0.4584,0.482530446850874
0.5,0.1,5,0.2,0,0.05,3,"ridge_prn",0.9552,0.959385629915821
0.5,0.1,5,0.2,0,0.05,3,"univariate_plus_counterdirection",0.9248,0.959385629915821
0.5,0.1,5,0.2,0,0.05,3,"multivariate_ols_plus_counterdirection",0.9552,0.959385629915821
0.5,0.1,5,0.2,0,0.05,3,"oracle_activity_plus_counterdirection",0.96,0.959385629915821
0.1,0.4,5,0.2,0,0.05,3,"abs_logfc_quietness",0.6036,0.683293498468276
0.1,0.4,5,0.2,0,0.05,3,"ridge_prn",0.9884,0.99
0.1,0.4,5,0.2,0,0.05,3,"univariate_plus_counterdirection",0.9816,0.99
0.1,0.4,5,0.2,0,0.05,3,"multivariate_ols_plus_counterdirection",0.9816,0.99
0.1,0.4,5,0.2,0,0.05,3,"oracle_activity_plus_counterdirection",0.99,0.99
0.5,0.4,5,0.2,0,0.05,3,"abs_logfc_quietness",0.422,0.449349479852098
0.5,0.4,5,0.2,0,0.05,3,"ridge_prn",0.943,0.969694908266337
0.5,0.4,5,0.2,0,0.05,3,"univariate_plus_counterdirection",0.943,0.969694908266337
0.5,0.4,5,0.2,0,0.05,3,"multivariate_ols_plus_counterdirection",0.943,0.969694908266337
0.5,0.4,5,0.2,0,0.05,3,"oracle_activity_plus_counterdirection",0.97,0.969694908266337
0.1,0.1,30,0.2,0,0.05,3,"abs_logfc_quietness",0.4928,0.499632117129604
0.1,0.1,30,0.2,0,0.05,3,"ridge_prn",0.934,0.938442647459681
0.1,0.1,30,0.2,0,0.05,3,"univariate_plus_counterdirection",0.886,0.938442647459681
0.1,0.1,30,0.2,0,0.05,3,"multivariate_ols_plus_counterdirection",0.934,0.938442647459681
0.1,0.1,30,0.2,0,0.05,3,"oracle_activity_plus_counterdirection",0.94,0.938442647459681
0.5,0.1,30,0.2,0,0.05,3,"abs_logfc_quietness",0.5176,0.538521202788968
0.5,0.1,30,0.2,0,0.05,3,"ridge_prn",0.905,0.948968963249155
0.5,0.1,30,0.2,0,0.05,3,"univariate_plus_counterdirection",0.905,0.948968963249155
0.5,0.1,30,0.2,0,0.05,3,"multivariate_ols_plus_counterdirection",0.905,0.948968963249155
0.5,0.1,30,0.2,0,0.05,3,"oracle_activity_plus_counterdirection",0.95,0.948968963249155
0.1,0.4,30,0.2,0,0.05,3,"abs_logfc_quietness",0.5176,0.485555558477253
0.1,0.4,30,0.2,0,0.05,3,"ridge_prn",0.8448,0.708820355832127
0.1,0.4,30,0.2,0,0.05,3,"univariate_plus_counterdirection",0.9552,0.959385629915821
0.1,0.4,30,0.2,0,0.05,3,"multivariate_ols_plus_counterdirection",0.9552,0.959385629915821
0.1,0.4,30,0.2,0,0.05,3,"oracle_activity_plus_counterdirection",0.96,0.959385629915821
0.5,0.4,30,0.2,0,0.05,3,"abs_logfc_quietness",0.5196,0.510490633396828
0.5,0.4,30,0.2,0,0.05,3,"ridge_prn",0.948,0.948968963249155
0.5,0.4,30,0.2,0,0.05,3,"univariate_plus_counterdirection",0.902,0.948968963249155
0.5,0.4,30,0.2,0,0.05,3,"multivariate_ols_plus_counterdirection",0.948,0.948968963249155
0.5,0.4,30,0.2,0,0.05,3,"oracle_activity_plus_counterdirection",0.95,0.948968963249155
0.1,0.1,5,0,0.25,0.05,3,"abs_logfc_quietness",0.4848,0.512497843202196
0.1,0.1,5,0,0.25,0.05,3,"ridge_prn",0.751208897485493,0.72150058542331
0.1,0.1,5,0,0.25,0.05,3,"univariate_plus_counterdirection",0.6058,0.68713126606658
0.1,0.1,5,0,0.25,0.05,3,"multivariate_ols_plus_counterdirection",0.7192,0.68713126606658
0.1,0.1,5,0,0.25,0.05,3,"oracle_activity_plus_counterdirection",0.73,0.68713126606658
0.5,0.1,5,0,0.25,0.05,3,"abs_logfc_quietness",0.3908,0.426257463896998
0.5,0.1,5,0,0.25,0.05,3,"ridge_prn",0.786641929499072,0.783885394389521
0.5,0.1,5,0,0.25,0.05,3,"univariate_plus_counterdirection",0.706,0.765601761305896
0.5,0.1,5,0,0.25,0.05,3,"multivariate_ols_plus_counterdirection",0.7816,0.765601761305896
0.5,0.1,5,0,0.25,0.05,3,"oracle_activity_plus_counterdirection",0.79,0.765601761305896
0.1,0.4,5,0,0.25,0.05,3,"abs_logfc_quietness",0.5244,0.531341792313505
0.1,0.4,5,0,0.25,0.05,3,"ridge_prn",0.811285846438483,0.808238642159723
0.1,0.4,5,0,0.25,0.05,3,"univariate_plus_counterdirection",0.784,0.778101761305896
0.1,0.4,5,0,0.25,0.05,3,"multivariate_ols_plus_counterdirection",0.708,0.778101761305896
0.1,0.4,5,0,0.25,0.05,3,"oracle_activity_plus_counterdirection",0.8,0.778101761305896
0.5,0.4,5,0,0.25,0.05,3,"abs_logfc_quietness",0.4208,0.506134325235638
0.5,0.4,5,0,0.25,0.05,3,"ridge_prn",0.793287037037037,0.787037903118206
0.5,0.4,5,0,0.25,0.05,3,"univariate_plus_counterdirection",0.7816,0.765601761305896
0.5,0.4,5,0,0.25,0.05,3,"multivariate_ols_plus_counterdirection",0.6766,0.765601761305896
0.5,0.4,5,0,0.25,0.05,3,"oracle_activity_plus_counterdirection",0.79,0.765601761305896
0.1,0.1,30,0,0.25,0.05,3,"abs_logfc_quietness",0.392,0.510573728933704
0.1,0.1,30,0,0.25,0.05,3,"ridge_prn",0.680434782608696,0.642560874087537
0.1,0.1,30,0,0.25,0.05,3,"univariate_plus_counterdirection",0.5264,0.616680772089549
0.1,0.1,30,0,0.25,0.05,3,"multivariate_ols_plus_counterdirection",0.6608,0.616680772089549
0.1,0.1,30,0,0.25,0.05,3,"oracle_activity_plus_counterdirection",0.68,0.616680772089549
0.5,0.1,30,0,0.25,0.05,3,"abs_logfc_quietness",0.4504,0.472103427938967
0.5,0.1,30,0,0.25,0.05,3,"ridge_prn",0.60140306122449,0.697565596989575
0.5,0.1,30,0,0.25,0.05,3,"univariate_plus_counterdirection",0.7084,0.68713126606658
0.5,0.1,30,0,0.25,0.05,3,"multivariate_ols_plus_counterdirection",0.5896,0.68713126606658
0.5,0.1,30,0,0.25,0.05,3,"oracle_activity_plus_counterdirection",0.73,0.68713126606658
0.1,0.4,30,0,0.25,0.05,3,"abs_logfc_quietness",0.5788,0.560218403198726
0.1,0.4,30,0,0.25,0.05,3,"ridge_prn",0.792877906976744,0.791495275176304
0.1,0.4,30,0,0.25,0.05,3,"univariate_plus_counterdirection",0.7816,0.765601761305896
0.1,0.4,30,0,0.25,0.05,3,"multivariate_ols_plus_counterdirection",0.6934,0.765601761305896
0.1,0.4,30,0,0.25,0.05,3,"oracle_activity_plus_counterdirection",0.79,0.765601761305896
0.5,0.4,30,0,0.25,0.05,3,"abs_logfc_quietness",0.5012,0.501706245993077
0.5,0.4,30,0,0.25,0.05,3,"ridge_prn",0.677309782608696,0.765776137864778
0.5,0.4,30,0,0.25,0.05,3,"univariate_plus_counterdirection",0.6458,0.740123020637282
0.5,0.4,30,0,0.25,0.05,3,"multivariate_ols_plus_counterdirection",0.6458,0.740123020637282
0.5,0.4,30,0,0.25,0.05,3,"oracle_activity_plus_counterdirection",0.77,0.740123020637282
0.1,0.1,5,0.2,0.25,0.05,3,"abs_logfc_quietness",0.5708,0.589183890804679
0.1,0.1,5,0.2,0.25,0.05,3,"ridge_prn",0.608233117483811,0.737447069847974
0.1,0.1,5,0.2,0.25,0.05,3,"univariate_plus_counterdirection",0.75,0.713978112913427
0.1,0.1,5,0.2,0.25,0.05,3,"multivariate_ols_plus_counterdirection",0.595,0.713978112913427
0.1,0.1,5,0.2,0.25,0.05,3,"oracle_activity_plus_counterdirection",0.75,0.713978112913427
0.5,0.1,5,0.2,0.25,0.05,3,"abs_logfc_quietness",0.4324,0.483538614410388
0.5,0.1,5,0.2,0.25,0.05,3,"ridge_prn",0.716446124763705,0.699629110674251
0.5,0.1,5,0.2,0.25,0.05,3,"univariate_plus_counterdirection",0.6976,0.673432635929594
0.5,0.1,5,0.2,0.25,0.05,3,"multivariate_ols_plus_counterdirection",0.6976,0.673432635929594
0.5,0.1,5,0.2,0.25,0.05,3,"oracle_activity_plus_counterdirection",0.72,0.673432635929594
0.1,0.4,5,0.2,0.25,0.05,3,"abs_logfc_quietness",0.5864,0.576908381869281
0.1,0.4,5,0.2,0.25,0.05,3,"ridge_prn",0.688695652173913,0.593673203689689
0.1,0.4,5,0.2,0.25,0.05,3,"univariate_plus_counterdirection",0.7088,0.673432635929594
0.1,0.4,5,0.2,0.25,0.05,3,"multivariate_ols_plus_counterdirection",0.36,0.362429803940955
0.1,0.4,5,0.2,0.25,0.05,3,"oracle_activity_plus_counterdirection",0.72,0.673432635929594
0.5,0.4,5,0.2,0.25,0.05,3,"abs_logfc_quietness",0.4072,0.439212930070311
0.5,0.4,5,0.2,0.25,0.05,3,"ridge_prn",0.79100790513834,0.787881309385016
0.5,0.4,5,0.2,0.25,0.05,3,"univariate_plus_counterdirection",0.7668,0.752943533457795
0.5,0.4,5,0.2,0.25,0.05,3,"multivariate_ols_plus_counterdirection",0.7668,0.752943533457795
0.5,0.4,5,0.2,0.25,0.05,3,"oracle_activity_plus_counterdirection",0.78,0.752943533457795
0.1,0.1,30,0.2,0.25,0.05,3,"abs_logfc_quietness",0.4412,0.492916557639838
0.1,0.1,30,0.2,0.25,0.05,3,"ridge_prn",0.717066545948393,0.692730878253056
0.1,0.1,30,0.2,0.25,0.05,3,"univariate_plus_counterdirection",0.5464,0.673432635929594
0.1,0.1,30,0.2,0.25,0.05,3,"multivariate_ols_plus_counterdirection",0.5464,0.673432635929594
0.1,0.1,30,0.2,0.25,0.05,3,"oracle_activity_plus_counterdirection",0.72,0.673432635929594
0.5,0.1,30,0.2,0.25,0.05,3,"abs_logfc_quietness",0.4596,0.462616951178205
0.5,0.1,30,0.2,0.25,0.05,3,"ridge_prn",0.767287234042553,0.746392323061385
0.5,0.1,30,0.2,0.25,0.05,3,"univariate_plus_counterdirection",0.6256,0.727136007650269
0.5,0.1,30,0.2,0.25,0.05,3,"multivariate_ols_plus_counterdirection",0.7504,0.727136007650269
0.5,0.1,30,0.2,0.25,0.05,3,"oracle_activity_plus_counterdirection",0.76,0.727136007650269
0.1,0.4,30,0.2,0.25,0.05,3,"abs_logfc_quietness",0.4344,0.442950165666897
0.1,0.4,30,0.2,0.25,0.05,3,"ridge_prn",0.803422756706753,0.794969302803427
0.1,0.4,30,0.2,0.25,0.05,3,"univariate_plus_counterdirection",0.7774,0.765601761305896
0.1,0.4,30,0.2,0.25,0.05,3,"multivariate_ols_plus_counterdirection",0.7774,0.765601761305896
0.1,0.4,30,0.2,0.25,0.05,3,"oracle_activity_plus_counterdirection",0.79,0.765601761305896
0.5,0.4,30,0.2,0.25,0.05,3,"abs_logfc_quietness",0.4624,0.4694838302034
0.5,0.4,30,0.2,0.25,0.05,3,"ridge_prn",0.778079710144927,0.772110376615395
0.5,0.4,30,0.2,0.25,0.05,3,"univariate_plus_counterdirection",0.7668,0.752943533457795
0.5,0.4,30,0.2,0.25,0.05,3,"multivariate_ols_plus_counterdirection",0.6876,0.752943533457795
0.5,0.4,30,0.2,0.25,0.05,3,"oracle_activity_plus_counterdirection",0.78,0.752943533457795
0.1,0.1,5,0,0,0,4,"abs_logfc_quietness",0.5772,0.596437105271608
0.1,0.1,5,0,0,0,4,"ridge_prn",1,1
0.1,0.1,5,0,0,0,4,"univariate_plus_counterdirection",1,1
0.1,0.1,5,0,0,0,4,"multivariate_ols_plus_counterdirection",1,1
0.1,0.1,5,0,0,0,4,"oracle_activity_plus_counterdirection",1,1
0.5,0.1,5,0,0,0,4,"abs_logfc_quietness",0.5228,0.516904461297866
0.5,0.1,5,0,0,0,4,"ridge_prn",1,1
0.5,0.1,5,0,0,0,4,"univariate_plus_counterdirection",1,1
0.5,0.1,5,0,0,0,4,"multivariate_ols_plus_counterdirection",1,1
0.5,0.1,5,0,0,0,4,"oracle_activity_plus_counterdirection",1,1
0.1,0.4,5,0,0,0,4,"abs_logfc_quietness",0.3936,0.440162543524657
0.1,0.4,5,0,0,0,4,"ridge_prn",1,1
0.1,0.4,5,0,0,0,4,"univariate_plus_counterdirection",0.5,0.311827820689805
0.1,0.4,5,0,0,0,4,"multivariate_ols_plus_counterdirection",0,0.311827820689805
0.1,0.4,5,0,0,0,4,"oracle_activity_plus_counterdirection",1,1
0.5,0.4,5,0,0,0,4,"abs_logfc_quietness",0.6008,0.611865687545456
0.5,0.4,5,0,0,0,4,"ridge_prn",1,1
0.5,0.4,5,0,0,0,4,"univariate_plus_counterdirection",1,1
0.5,0.4,5,0,0,0,4,"multivariate_ols_plus_counterdirection",1,1
0.5,0.4,5,0,0,0,4,"oracle_activity_plus_counterdirection",1,1
0.1,0.1,30,0,0,0,4,"abs_logfc_quietness",0.3916,0.45708464833465
0.1,0.1,30,0,0,0,4,"ridge_prn",1,1
0.1,0.1,30,0,0,0,4,"univariate_plus_counterdirection",1,1
0.1,0.1,30,0,0,0,4,"multivariate_ols_plus_counterdirection",1,1
0.1,0.1,30,0,0,0,4,"oracle_activity_plus_counterdirection",1,1
0.5,0.1,30,0,0,0,4,"abs_logfc_quietness",0.4064,0.447486848665635
0.5,0.1,30,0,0,0,4,"ridge_prn",1,1
0.5,0.1,30,0,0,0,4,"univariate_plus_counterdirection",1,1
0.5,0.1,30,0,0,0,4,"multivariate_ols_plus_counterdirection",1,1
0.5,0.1,30,0,0,0,4,"oracle_activity_plus_counterdirection",1,1
0.1,0.4,30,0,0,0,4,"abs_logfc_quietness",0.5644,0.590944675638266
0.1,0.4,30,0,0,0,4,"ridge_prn",1,1
0.1,0.4,30,0,0,0,4,"univariate_plus_counterdirection",1,1
0.1,0.4,30,0,0,0,4,"multivariate_ols_plus_counterdirection",1,1
0.1,0.4,30,0,0,0,4,"oracle_activity_plus_counterdirection",1,1
0.5,0.4,30,0,0,0,4,"abs_logfc_quietness",0.5552,0.54784963464208
0.5,0.4,30,0,0,0,4,"ridge_prn",1,1
0.5,0.4,30,0,0,0,4,"univariate_plus_counterdirection",1,1
0.5,0.4,30,0,0,0,4,"multivariate_ols_plus_counterdirection",1,1
0.5,0.4,30,0,0,0,4,"oracle_activity_plus_counterdirection",1,1
0.1,0.1,5,0.2,0,0,4,"abs_logfc_quietness",0.4056,0.466569516600635
0.1,0.1,5,0.2,0,0,4,"ridge_prn",1,1
0.1,0.1,5,0.2,0,0,4,"univariate_plus_counterdirection",1,1
0.1,0.1,5,0.2,0,0,4,"multivariate_ols_plus_counterdirection",1,1
0.1,0.1,5,0.2,0,0,4,"oracle_activity_plus_counterdirection",1,1
0.5,0.1,5,0.2,0,0,4,"abs_logfc_quietness",0.3908,0.442605878849249
0.5,0.1,5,0.2,0,0,4,"ridge_prn",1,1
0.5,0.1,5,0.2,0,0,4,"univariate_plus_counterdirection",1,1
0.5,0.1,5,0.2,0,0,4,"multivariate_ols_plus_counterdirection",1,1
0.5,0.1,5,0.2,0,0,4,"oracle_activity_plus_counterdirection",1,1
0.1,0.4,5,0.2,0,0,4,"abs_logfc_quietness",0.4692,0.485687100902075
0.1,0.4,5,0.2,0,0,4,"ridge_prn",1,1
0.1,0.4,5,0.2,0,0,4,"univariate_plus_counterdirection",1,1
0.1,0.4,5,0.2,0,0,4,"multivariate_ols_plus_counterdirection",0,0.311827820689805
0.1,0.4,5,0.2,0,0,4,"oracle_activity_plus_counterdirection",1,1
0.5,0.4,5,0.2,0,0,4,"abs_logfc_quietness",0.4428,0.463094175181628
0.5,0.4,5,0.2,0,0,4,"ridge_prn",1,1
0.5,0.4,5,0.2,0,0,4,"univariate_plus_counterdirection",1,1
0.5,0.4,5,0.2,0,0,4,"multivariate_ols_plus_counterdirection",1,1
0.5,0.4,5,0.2,0,0,4,"oracle_activity_plus_counterdirection",1,1
0.1,0.1,30,0.2,0,0,4,"abs_logfc_quietness",0.4224,0.474070926723102
0.1,0.1,30,0.2,0,0,4,"ridge_prn",1,1
0.1,0.1,30,0.2,0,0,4,"univariate_plus_counterdirection",1,1
0.1,0.1,30,0.2,0,0,4,"multivariate_ols_plus_counterdirection",1,1
0.1,0.1,30,0.2,0,0,4,"oracle_activity_plus_counterdirection",1,1
0.5,0.1,30,0.2,0,0,4,"abs_logfc_quietness",0.468,0.535154211131267
0.5,0.1,30,0.2,0,0,4,"ridge_prn",1,1
0.5,0.1,30,0.2,0,0,4,"univariate_plus_counterdirection",1,1
0.5,0.1,30,0.2,0,0,4,"multivariate_ols_plus_counterdirection",1,1
0.5,0.1,30,0.2,0,0,4,"oracle_activity_plus_counterdirection",1,1
0.1,0.4,30,0.2,0,0,4,"abs_logfc_quietness",0.4656,0.490478438064929
0.1,0.4,30,0.2,0,0,4,"ridge_prn",1,1
0.1,0.4,30,0.2,0,0,4,"univariate_plus_counterdirection",1,1
0.1,0.4,30,0.2,0,0,4,"multivariate_ols_plus_counterdirection",1,1
0.1,0.4,30,0.2,0,0,4,"oracle_activity_plus_counterdirection",1,1
0.5,0.4,30,0.2,0,0,4,"abs_logfc_quietness",0.5132,0.545317534168309
0.5,0.4,30,0.2,0,0,4,"ridge_prn",1,1
0.5,0.4,30,0.2,0,0,4,"univariate_plus_counterdirection",1,1
0.5,0.4,30,0.2,0,0,4,"multivariate_ols_plus_counterdirection",1,1
0.5,0.4,30,0.2,0,0,4,"oracle_activity_plus_counterdirection",1,1
0.1,0.1,5,0,0.25,0,4,"abs_logfc_quietness",0.4168,0.444334308484459
0.1,0.1,5,0,0.25,0,4,"ridge_prn",0.71960958296362,0.804674067495225
0.1,0.1,5,0,0.25,0,4,"univariate_plus_counterdirection",0.8,0.778101761305896
0.1,0.1,5,0,0.25,0,4,"multivariate_ols_plus_counterdirection",0.68,0.778101761305896
0.1,0.1,5,0,0.25,0,4,"oracle_activity_plus_counterdirection",0.8,0.778101761305896
0.5,0.1,5,0,0.25,0,4,"abs_logfc_quietness",0.4844,0.49216536526627
0.5,0.1,5,0,0.25,0,4,"ridge_prn",0.804347826086957,0.779506114981483
0.5,0.1,5,0,0.25,0,4,"univariate_plus_counterdirection",0.6304,0.752943533457795
0.5,0.1,5,0,0.25,0,4,"multivariate_ols_plus_counterdirection",0.78,0.752943533457795
0.5,0.1,5,0,0.25,0,4,"oracle_activity_plus_counterdirection",0.78,0.752943533457795
0.1,0.4,5,0,0.25,0,4,"abs_logfc_quietness",0.4108,0.439412408323177
0.1,0.4,5,0,0.25,0,4,"ridge_prn",0.567520625271385,0.70187879350372
0.1,0.4,5,0,0.25,0,4,"univariate_plus_counterdirection",0.73,0.68713126606658
0.1,0.4,5,0,0.25,0,4,"multivariate_ols_plus_counterdirection",0.2336,0.339785073755474
0.1,0.4,5,0,0.25,0,4,"oracle_activity_plus_counterdirection",0.73,0.68713126606658
0.5,0.4,5,0,0.25,0,4,"abs_logfc_quietness",0.4616,0.49334319474738
0.5,0.4,5,0,0.25,0,4,"ridge_prn",0.682323232323232,0.794031758235547
0.5,0.4,5,0,0.25,0,4,"univariate_plus_counterdirection",0.78,0.752943533457795
0.5,0.4,5,0,0.25,0,4,"multivariate_ols_plus_counterdirection",0.648,0.752943533457795
0.5,0.4,5,0,0.25,0,4,"oracle_activity_plus_counterdirection",0.78,0.752943533457795
0.1,0.1,30,0,0.25,0,4,"abs_logfc_quietness",0.4852,0.490365589735078
0.1,0.1,30,0,0.25,0,4,"ridge_prn",0.696135265700483,0.789895187457347
0.1,0.1,30,0,0.25,0,4,"univariate_plus_counterdirection",0.78,0.752943533457795
0.1,0.1,30,0,0.25,0,4,"multivariate_ols_plus_counterdirection",0.6568,0.752943533457795
0.1,0.1,30,0,0.25,0,4,"oracle_activity_plus_counterdirection",0.78,0.752943533457795
0.5,0.1,30,0,0.25,0,4,"abs_logfc_quietness",0.4984,0.542648659416322
0.5,0.1,30,0,0.25,0,4,"ridge_prn",0.734042553191489,0.692730878253056
0.5,0.1,30,0,0.25,0,4,"univariate_plus_counterdirection",0.72,0.673432635929594
0.5,0.1,30,0,0.25,0,4,"multivariate_ols_plus_counterdirection",0.72,0.673432635929594
0.5,0.1,30,0,0.25,0,4,"oracle_activity_plus_counterdirection",0.72,0.673432635929594
0.1,0.4,30,0,0.25,0,4,"abs_logfc_quietness",0.4592,0.485459574987838
0.1,0.4,30,0,0.25,0,4,"ridge_prn",0.5,0.320414285849853
0.1,0.4,30,0,0.25,0,4,"univariate_plus_counterdirection",0.78,0.752943533457795
0.1,0.4,30,0,0.25,0,4,"multivariate_ols_plus_counterdirection",0.78,0.752943533457795
0.1,0.4,30,0,0.25,0,4,"oracle_activity_plus_counterdirection",0.78,0.752943533457795
0.5,0.4,30,0,0.25,0,4,"abs_logfc_quietness",0.5676,0.608903149234184
0.5,0.4,30,0,0.25,0,4,"ridge_prn",0.626527840651879,0.734989988469913
0.5,0.4,30,0,0.25,0,4,"univariate_plus_counterdirection",0.75,0.713978112913427
0.5,0.4,30,0,0.25,0,4,"multivariate_ols_plus_counterdirection",0.61,0.713978112913427
0.5,0.4,30,0,0.25,0,4,"oracle_activity_plus_counterdirection",0.75,0.713978112913427
0.1,0.1,5,0.2,0.25,0,4,"abs_logfc_quietness",0.5392,0.561081374745596
0.1,0.1,5,0.2,0.25,0,4,"ridge_prn",0.816326530612245,0.803940543670487
0.1,0.1,5,0.2,0.25,0,4,"univariate_plus_counterdirection",0.81,0.790447440318242
0.1,0.1,5,0.2,0.25,0,4,"multivariate_ols_plus_counterdirection",0.81,0.790447440318242
0.1,0.1,5,0.2,0.25,0,4,"oracle_activity_plus_counterdirection",0.81,0.790447440318242
0.5,0.1,5,0.2,0.25,0,4,"abs_logfc_quietness",0.5816,0.597328177531324
0.5,0.1,5,0.2,0.25,0,4,"ridge_prn",0.813953488372093,0.783584487570084
0.5,0.1,5,0.2,0.25,0,4,"univariate_plus_counterdirection",0.632,0.740123020637282
0.5,0.1,5,0.2,0.25,0,4,"multivariate_ols_plus_counterdirection",0.77,0.740123020637282
0.5,0.1,5,0.2,0.25,0,4,"oracle_activity_plus_counterdirection",0.77,0.740123020637282
0.1,0.4,5,0.2,0.25,0,4,"abs_logfc_quietness",0.4608,0.463677075733606
0.1,0.4,5,0.2,0.25,0,4,"ridge_prn",0.722222222222222,0.813481796128485
0.1,0.4,5,0.2,0.25,0,4,"univariate_plus_counterdirection",0.8,0.778101761305896
0.1,0.4,5,0.2,0.25,0,4,"multivariate_ols_plus_counterdirection",0.288,0.359607238172307
0.1,0.4,5,0.2,0.25,0,4,"oracle_activity_plus_counterdirection",0.8,0.778101761305896
0.5,0.4,5,0.2,0.25,0,4,"abs_logfc_quietness",0.4604,0.514488153661834
0.5,0.4,5,0.2,0.25,0,4,"ridge_prn",0.829787234042553,0.812731368228162
0.5,0.4,5,0.2,0.25,0,4,"univariate_plus_counterdirection",0.81,0.790447440318242
0.5,0.4,5,0.2,0.25,0,4,"multivariate_ols_plus_counterdirection",0.6884,0.790447440318242
0.5,0.4,5,0.2,0.25,0,4,"oracle_activity_plus_counterdirection",0.81,0.790447440318242
0.1,0.1,30,0.2,0.25,0,4,"abs_logfc_quietness",0.5172,0.530974255742584
0.1,0.1,30,0.2,0.25,0,4,"ridge_prn",0.664596273291925,0.766879337780065
0.1,0.1,30,0.2,0.25,0,4,"univariate_plus_counterdirection",0.6656,0.752943533457795
0.1,0.1,30,0.2,0.25,0,4,"multivariate_ols_plus_counterdirection",0.78,0.752943533457795
0.1,0.1,30,0.2,0.25,0,4,"oracle_activity_plus_counterdirection",0.78,0.752943533457795
0.5,0.1,30,0.2,0.25,0,4,"abs_logfc_quietness",0.4304,0.453508823835174
0.5,0.1,30,0.2,0.25,0,4,"ridge_prn",0.858695652173913,0.84557021863502
0.5,0.1,30,0.2,0.25,0,4,"univariate_plus_counterdirection",0.7314,0.814690755040546
0.5,0.1,30,0.2,0.25,0,4,"multivariate_ols_plus_counterdirection",0.83,0.814690755040546
0.5,0.1,30,0.2,0.25,0,4,"oracle_activity_plus_counterdirection",0.83,0.814690755040546
0.1,0.4,30,0.2,0.25,0,4,"abs_logfc_quietness",0.5028,0.521768676409593
0.1,0.4,30,0.2,0.25,0,4,"ridge_prn",0.775510204081633,0.749501914756333
0.1,0.4,30,0.2,0.25,0,4,"univariate_plus_counterdirection",0.77,0.740123020637282
0.1,0.4,30,0.2,0.25,0,4,"multivariate_ols_plus_counterdirection",0.77,0.740123020637282
0.1,0.4,30,0.2,0.25,0,4,"oracle_activity_plus_counterdirection",0.77,0.740123020637282
0.5,0.4,30,0.2,0.25,0,4,"abs_logfc_quietness",0.5072,0.518648272112608
0.5,0.4,30,0.2,0.25,0,4,"ridge_prn",0.735224586288416,0.818165863416462
0.5,0.4,30,0.2,0.25,0,4,"univariate_plus_counterdirection",0.715,0.790447440318242
0.5,0.4,30,0.2,0.25,0,4,"multivariate_ols_plus_counterdirection",0.715,0.790447440318242
0.5,0.4,30,0.2,0.25,0,4,"oracle_activity_plus_counterdirection",0.81,0.790447440318242
0.1,0.1,5,0,0,0.05,4,"abs_logfc_quietness",0.5216,0.508652236577356
0.1,0.1,5,0,0,0.05,4,"ridge_prn",0.867,0.927804349587341
0.1,0.1,5,0,0,0.05,4,"univariate_plus_counterdirection",0.923,0.927804349587341
0.1,0.1,5,0,0,0.05,4,"multivariate_ols_plus_counterdirection",0.867,0.927804349587341
0.1,0.1,5,0,0,0.05,4,"oracle_activity_plus_counterdirection",0.93,0.927804349587341
0.5,0.1,5,0,0,0.05,4,"abs_logfc_quietness",0.4208,0.462530586091489
0.5,0.1,5,0,0,0.05,4,"ridge_prn",0.8896,0.938442647459681
0.5,0.1,5,0,0,0.05,4,"univariate_plus_counterdirection",0.8896,0.938442647459681
0.5,0.1,5,0,0,0.05,4,"multivariate_ols_plus_counterdirection",0.8896,0.938442647459681
0.5,0.1,5,0,0,0.05,4,"oracle_activity_plus_counterdirection",0.94,0.938442647459681
0.1,0.4,5,0,0,0.05,4,"abs_logfc_quietness",0.4876,0.534048556361906
0.1,0.4,5,0,0,0.05,4,"ridge_prn",0.904,0.948968963249155
0.1,0.4,5,0,0,0.05,4,"univariate_plus_counterdirection",0.946,0.948968963249155
0.1,0.4,5,0,0,0.05,4,"multivariate_ols_plus_counterdirection",0.904,0.948968963249155
0.1,0.4,5,0,0,0.05,4,"oracle_activity_plus_counterdirection",0.95,0.948968963249155
0.5,0.4,5,0,0,0.05,4,"abs_logfc_quietness",0.532,0.521624510517628
0.5,0.4,5,0,0,0.05,4,"ridge_prn",0.9352,0.938442647459681
0.5,0.4,5,0,0,0.05,4,"univariate_plus_counterdirection",0.9352,0.938442647459681
0.5,0.4,5,0,0,0.05,4,"multivariate_ols_plus_counterdirection",0.9352,0.938442647459681
0.5,0.4,5,0,0,0.05,4,"oracle_activity_plus_counterdirection",0.94,0.938442647459681
0.1,0.1,30,0,0,0.05,4,"abs_logfc_quietness",0.5316,0.571843354277267
0.1,0.1,30,0,0,0.05,4,"ridge_prn",0.9232,0.959385629915821
0.1,0.1,30,0,0,0.05,4,"univariate_plus_counterdirection",0.9232,0.959385629915821
0.1,0.1,30,0,0,0.05,4,"multivariate_ols_plus_counterdirection",0.9232,0.959385629915821
0.1,0.1,30,0,0,0.05,4,"oracle_activity_plus_counterdirection",0.96,0.959385629915821
0.5,0.1,30,0,0,0.05,4,"abs_logfc_quietness",0.516,0.549151790764883
0.5,0.1,30,0,0,0.05,4,"ridge_prn",0.9628,0.97989898989899
0.5,0.1,30,0,0,0.05,4,"univariate_plus_counterdirection",0.9772,0.97989898989899
0.5,0.1,30,0,0,0.05,4,"multivariate_ols_plus_counterdirection",0.9628,0.97989898989899
0.5,0.1,30,0,0,0.05,4,"oracle_activity_plus_counterdirection",0.98,0.97989898989899
0.1,0.4,30,0,0,0.05,4,"abs_logfc_quietness",0.4592,0.480596702444719
0.1,0.4,30,0,0,0.05,4,"ridge_prn",0.044,0.312278833644338
0.1,0.4,30,0,0,0.05,4,"univariate_plus_counterdirection",0.044,0.312278833644338
0.1,0.4,30,0,0,0.05,4,"multivariate_ols_plus_counterdirection",0.044,0.312278833644338
0.1,0.4,30,0,0,0.05,4,"oracle_activity_plus_counterdirection",0.95,0.948968963249155
0.5,0.4,30,0,0,0.05,4,"abs_logfc_quietness",0.4688,0.513150781285146
0.5,0.4,30,0,0,0.05,4,"ridge_prn",0.9552,0.959385629915821
0.5,0.4,30,0,0,0.05,4,"univariate_plus_counterdirection",0.9248,0.959385629915821
0.5,0.4,30,0,0,0.05,4,"multivariate_ols_plus_counterdirection",0.9552,0.959385629915821
0.5,0.4,30,0,0,0.05,4,"oracle_activity_plus_counterdirection",0.96,0.959385629915821
0.1,0.1,5,0.2,0,0.05,4,"abs_logfc_quietness",0.4848,0.491408636161359
0.1,0.1,5,0.2,0,0.05,4,"ridge_prn",0.956,0.959385629915821
0.1,0.1,5,0.2,0,0.05,4,"univariate_plus_counterdirection",0.956,0.959385629915821
0.1,0.1,5,0.2,0,0.05,4,"multivariate_ols_plus_counterdirection",0.956,0.959385629915821
0.1,0.1,5,0.2,0,0.05,4,"oracle_activity_plus_counterdirection",0.96,0.959385629915821
0.5,0.1,5,0.2,0,0.05,4,"abs_logfc_quietness",0.438,0.446681197421927
0.5,0.1,5,0.2,0,0.05,4,"ridge_prn",0.9292,0.938442647459681
0.5,0.1,5,0.2,0,0.05,4,"univariate_plus_counterdirection",0.9292,0.938442647459681
0.5,0.1,5,0.2,0,0.05,4,"multivariate_ols_plus_counterdirection",0.9292,0.938442647459681
0.5,0.1,5,0.2,0,0.05,4,"oracle_activity_plus_counterdirection",0.94,0.938442647459681
0.1,0.4,5,0.2,0,0.05,4,"abs_logfc_quietness",0.4632,0.494889767103357
0.1,0.4,5,0.2,0,0.05,4,"ridge_prn",0.9814,0.99
0.1,0.4,5,0.2,0,0.05,4,"univariate_plus_counterdirection",0.9886,0.99
0.1,0.4,5,0.2,0,0.05,4,"multivariate_ols_plus_counterdirection",0.9814,0.99
0.1,0.4,5,0.2,0,0.05,4,"oracle_activity_plus_counterdirection",0.99,0.99
0.5,0.4,5,0.2,0,0.05,4,"abs_logfc_quietness",0.4496,0.478691765700856
0.5,0.4,5,0.2,0,0.05,4,"ridge_prn",0.886,0.938442647459681
0.5,0.4,5,0.2,0,0.05,4,"univariate_plus_counterdirection",0.934,0.938442647459681
0.5,0.4,5,0.2,0,0.05,4,"multivariate_ols_plus_counterdirection",0.886,0.938442647459681
0.5,0.4,5,0.2,0,0.05,4,"oracle_activity_plus_counterdirection",0.94,0.938442647459681
0.1,0.1,30,0.2,0,0.05,4,"abs_logfc_quietness",0.5708,0.571106285283854
0.1,0.1,30,0.2,0,0.05,4,"ridge_prn",0.9442,0.969694908266337
0.1,0.1,30,0.2,0,0.05,4,"univariate_plus_counterdirection",0.9658,0.969694908266337
0.1,0.1,30,0.2,0,0.05,4,"multivariate_ols_plus_counterdirection",0.9442,0.969694908266337
0.1,0.1,30,0.2,0,0.05,4,"oracle_activity_plus_counterdirection",0.97,0.969694908266337
0.5,0.1,30,0.2,0,0.05,4,"abs_logfc_quietness",0.5,0.505517774804628
0.5,0.1,30,0.2,0,0.05,4,"ridge_prn",0.9772,0.97989898989899
0.5,0.1,30,0.2,0,0.05,4,"univariate_plus_counterdirection",0.9628,0.97989898989899
0.5,0.1,30,0.2,0,0.05,4,"multivariate_ols_plus_counterdirection",0.9772,0.97989898989899
0.5,0.1,30,0.2,0,0.05,4,"oracle_activity_plus_counterdirection",0.98,0.97989898989899
0.1,0.4,30,0.2,0,0.05,4,"abs_logfc_quietness",0.4812,0.498278765280246
0.1,0.4,30,0.2,0,0.05,4,"ridge_prn",0.126,0.388052876104649
0.1,0.4,30,0.2,0,0.05,4,"univariate_plus_counterdirection",0.096,0.330635281458237
0.1,0.4,30,0.2,0,0.05,4,"multivariate_ols_plus_counterdirection",0.096,0.330635281458237
0.1,0.4,30,0.2,0,0.05,4,"oracle_activity_plus_counterdirection",0.96,0.959385629915821
0.5,0.4,30,0.2,0,0.05,4,"abs_logfc_quietness",0.562,0.611781965369673
0.5,0.4,30,0.2,0,0.05,4,"ridge_prn",0.967,0.969694908266337
0.5,0.4,30,0.2,0,0.05,4,"univariate_plus_counterdirection",0.943,0.969694908266337
0.5,0.4,30,0.2,0,0.05,4,"multivariate_ols_plus_counterdirection",0.967,0.969694908266337
0.5,0.4,30,0.2,0,0.05,4,"oracle_activity_plus_counterdirection",0.97,0.969694908266337
0.1,0.1,5,0,0.25,0.05,4,"abs_logfc_quietness",0.426,0.455981051872269
0.1,0.1,5,0,0.25,0.05,4,"ridge_prn",0.710915818686402,0.682112866469648
0.1,0.1,5,0,0.25,0.05,4,"univariate_plus_counterdirection",0.6926,0.659543747040705
0.1,0.1,5,0,0.25,0.05,4,"multivariate_ols_plus_counterdirection",0.6926,0.659543747040705
0.1,0.1,5,0,0.25,0.05,4,"oracle_activity_plus_counterdirection",0.71,0.659543747040705
0.5,0.1,5,0,0.25,0.05,4,"abs_logfc_quietness",0.4928,0.501207591635504
0.5,0.1,5,0,0.25,0.05,4,"ridge_prn",0.768431001890359,0.756380974514296
0.5,0.1,5,0,0.25,0.05,4,"univariate_plus_counterdirection",0.6592,0.727136007650269
0.5,0.1,5,0,0.25,0.05,4,"multivariate_ols_plus_counterdirection",0.7456,0.727136007650269
0.5,0.1,5,0,0.25,0.05,4,"oracle_activity_plus_counterdirection",0.76,0.727136007650269
0.1,0.4,5,0,0.25,0.05,4,"abs_logfc_quietness",0.4664,0.475167428672362
0.1,0.4,5,0,0.25,0.05,4,"ridge_prn",0.484925788497217,0.345229319702088
0.1,0.4,5,0,0.25,0.05,4,"univariate_plus_counterdirection",0.2992,0.350666433057829
0.1,0.4,5,0,0.25,0.05,4,"multivariate_ols_plus_counterdirection",0.3834,0.365863931209266
0.1,0.4,5,0,0.25,0.05,4,"oracle_activity_plus_counterdirection",0.71,0.659543747040705
0.5,0.4,5,0,0.25,0.05,4,"abs_logfc_quietness",0.4512,0.458489773238728
0.5,0.4,5,0,0.25,0.05,4,"ridge_prn",0.784383318544809,0.777533669826484
0.5,0.4,5,0,0.25,0.05,4,"univariate_plus_counterdirection",0.758,0.752943533457795
0.5,0.4,5,0,0.25,0.05,4,"multivariate_ols_plus_counterdirection",0.758,0.752943533457795
0.5,0.4,5,0,0.25,0.05,4,"oracle_activity_plus_counterdirection",0.78,0.752943533457795
0.1,0.1,30,0,0.25,0.05,4,"abs_logfc_quietness",0.4896,0.500987438606446
0.1,0.1,30,0,0.25,0.05,4,"ridge_prn",0.610918972332016,0.723979551435835
0.1,0.1,30,0,0.25,0.05,4,"univariate_plus_counterdirection",0.5734,0.68713126606658
0.1,0.1,30,0,0.25,0.05,4,"multivariate_ols_plus_counterdirection",0.5734,0.68713126606658
0.1,0.1,30,0,0.25,0.05,4,"oracle_activity_plus_counterdirection",0.73,0.68713126606658
0.5,0.1,30,0,0.25,0.05,4,"abs_logfc_quietness",0.468,0.538739979091724
0.5,0.1,30,0,0.25,0.05,4,"ridge_prn",0.719961240310077,0.815872820529876
0.5,0.1,30,0,0.25,0.05,4,"univariate_plus_counterdirection",0.8024,0.790447440318242
0.5,0.1,30,0,0.25,0.05,4,"multivariate_ols_plus_counterdirection",0.715,0.790447440318242
0.5,0.1,30,0,0.25,0.05,4,"oracle_activity_plus_counterdirection",0.81,0.790447440318242
0.1,0.4,30,0,0.25,0.05,4,"abs_logfc_quietness",0.4476,0.490555947150756
0.1,0.4,30,0,0.25,0.05,4,"ridge_prn",0.745454545454545,0.619012970231434
0.1,0.4,30,0,0.25,0.05,4,"univariate_plus_counterdirection",0.7624,0.752943533457795
0.1,0.4,30,0,0.25,0.05,4,"multivariate_ols_plus_counterdirection",0.7176,0.59493058448954
0.1,0.4,30,0,0.25,0.05,4,"oracle_activity_plus_counterdirection",0.78,0.752943533457795
0.5,0.4,30,0,0.25,0.05,4,"abs_logfc_quietness",0.5068,0.533629024842878
0.5,0.4,30,0,0.25,0.05,4,"ridge_prn",0.772135416666667,0.754592482997606
0.5,0.4,30,0,0.25,0.05,4,"univariate_plus_counterdirection",0.7608,0.740123020637282
0.5,0.4,30,0,0.25,0.05,4,"multivariate_ols_plus_counterdirection",0.7608,0.740123020637282
0.5,0.4,30,0,0.25,0.05,4,"oracle_activity_plus_counterdirection",0.77,0.740123020637282
0.1,0.1,5,0.2,0.25,0.05,4,"abs_logfc_quietness",0.466,0.499575446649062
0.1,0.1,5,0.2,0.25,0.05,4,"ridge_prn",0.551914893617021,0.655068438012888
0.1,0.1,5,0.2,0.25,0.05,4,"univariate_plus_counterdirection",0.676,0.645459239998452
0.1,0.1,5,0.2,0.25,0.05,4,"multivariate_ols_plus_counterdirection",0.532,0.645459239998452
0.1,0.1,5,0.2,0.25,0.05,4,"oracle_activity_plus_counterdirection",0.7,0.645459239998452
0.5,0.1,5,0.2,0.25,0.05,4,"abs_logfc_quietness",0.5076,0.548706721471051
0.5,0.1,5,0.2,0.25,0.05,4,"ridge_prn",0.590909090909091,0.724660018118064
0.5,0.1,5,0.2,0.25,0.05,4,"univariate_plus_counterdirection",0.74,0.700644779580094
0.5,0.1,5,0.2,0.25,0.05,4,"multivariate_ols_plus_counterdirection",0.5944,0.700644779580094
0.5,0.1,5,0.2,0.25,0.05,4,"oracle_activity_plus_counterdirection",0.74,0.700644779580094
0.1,0.4,5,0.2,0.25,0.05,4,"abs_logfc_quietness",0.5584,0.598736295034316
0.1,0.4,5,0.2,0.25,0.05,4,"ridge_prn",0.702127659574468,0.609579493092453
0.1,0.4,5,0.2,0.25,0.05,4,"univariate_plus_counterdirection",0.694,0.645459239998452
0.1,0.4,5,0.2,0.25,0.05,4,"multivariate_ols_plus_counterdirection",0.694,0.645459239998452
0.1,0.4,5,0.2,0.25,0.05,4,"oracle_activity_plus_counterdirection",0.7,0.645459239998452
0.5,0.4,5,0.2,0.25,0.05,4,"abs_logfc_quietness",0.5276,0.540922829947711
0.5,0.4,5,0.2,0.25,0.05,4,"ridge_prn",0.596273291925466,0.70166142598622
0.5,0.4,5,0.2,0.25,0.05,4,"univariate_plus_counterdirection",0.6004,0.68713126606658
0.5,0.4,5,0.2,0.25,0.05,4,"multivariate_ols_plus_counterdirection",0.6004,0.68713126606658
0.5,0.4,5,0.2,0.25,0.05,4,"oracle_activity_plus_counterdirection",0.73,0.68713126606658
0.1,0.1,30,0.2,0.25,0.05,4,"abs_logfc_quietness",0.4452,0.478071274658476
0.1,0.1,30,0.2,0.25,0.05,4,"ridge_prn",0.700407608695652,0.677551732182055
0.1,0.1,30,0.2,0.25,0.05,4,"univariate_plus_counterdirection",0.5824,0.659543747040705
0.1,0.1,30,0.2,0.25,0.05,4,"multivariate_ols_plus_counterdirection",0.5824,0.659543747040705
0.1,0.1,30,0.2,0.25,0.05,4,"oracle_activity_plus_counterdirection",0.71,0.659543747040705
0.5,0.1,30,0.2,0.25,0.05,4,"abs_logfc_quietness",0.522,0.574815434704251
0.5,0.1,30,0.2,0.25,0.05,4,"ridge_prn",0.773936170212766,0.76000934433798
0.5,0.1,30,0.2,0.25,0.05,4,"univariate_plus_counterdirection",0.6688,0.740123020637282
0.5,0.1,30,0.2,0.25,0.05,4,"multivariate_ols_plus_counterdirection",0.7562,0.740123020637282
0.5,0.1,30,0.2,0.25,0.05,4,"oracle_activity_plus_counterdirection",0.77,0.740123020637282
0.1,0.4,30,0.2,0.25,0.05,4,"abs_logfc_quietness",0.4784,0.474777053176905
0.1,0.4,30,0.2,0.25,0.05,4,"ridge_prn",0.804347826086957,0.790105570359687
0.1,0.4,30,0.2,0.25,0.05,4,"univariate_plus_counterdirection",0.78,0.752943533457795
0.1,0.4,30,0.2,0.25,0.05,4,"multivariate_ols_plus_counterdirection",0.78,0.752943533457795
0.1,0.4,30,0.2,0.25,0.05,4,"oracle_activity_plus_counterdirection",0.78,0.752943533457795
0.5,0.4,30,0.2,0.25,0.05,4,"abs_logfc_quietness",0.462,0.513890023799253
0.5,0.4,30,0.2,0.25,0.05,4,"ridge_prn",0.611413043478261,0.691644869436957
0.5,0.4,30,0.2,0.25,0.05,4,"univariate_plus_counterdirection",0.608,0.673432635929594
0.5,0.4,30,0.2,0.25,0.05,4,"multivariate_ols_plus_counterdirection",0.608,0.673432635929594
0.5,0.4,30,0.2,0.25,0.05,4,"oracle_activity_plus_counterdirection",0.72,0.673432635929594
